date,ca_esp,ca_cb,jeton,fidelite,remb,ca_tot,kWh,euros,co2_estime,nb_alertes_total,nb_alertes_critique,nb_alertes_importante,nb_alertes_info,nb_alertes_tube,nb_alertes_choc,nb_alertes_lecteur,nb_alertes_monnaie,nb_alertes_erreur_0105,nb_remplissages,total_rempli,nb_transactions,tempmax,tempmin,conditions,precip,ferie,vacances
2024-01-01,31.5,38.1,0.0,0.0,0.0,69.6,0.0,0.0,0.0,0.0,0.0,0.0,0.0,0.0,0.0,0.0,0.0,0.0,0.0,0.0,21,9.0,6.8,"Rain, Overcast",8.243,True,False
2024-01-02,52.3,152.5,0.0,0.0,0.0,204.8,0.0,0.0,0.0,0.0,0.0,0.0,0.0,0.0,0.0,0.0,0.0,0.0,0.0,0.0,55,12.8,8.3,"Rain, Overcast",15.16,False,False
2024-01-03,40.2,120.3,0.0,0.0,-10.0,160.5,0.0,0.0,0.0,0.0,0.0,0.0,0.0,0.0,0.0,0.0,0.0,0.0,0.0,0.0,53,11.4,9.3,"Rain, Partially cloudy",9.848,False,False
2024-01-04,52.5,123.3,0.0,0.0,-20.0,175.8,0.0,0.0,0.0,0.0,0.0,0.0,0.0,0.0,0.0,0.0,0.0,0.0,2.0,22.6,53,10.0,8.1,"Rain, Partially cloudy",3.353,False,False
2024-01-05,60.3,101.4,0.0,0.0,-10.0,161.7,0.0,0.0,0.0,0.0,0.0,0.0,0.0,0.0,0.0,0.0,0.0,0.0,0.0,0.0,56,10.2,6.3,"Rain, Overcast",5.288,False,False
2024-01-06,75.6,144.2,0.0,0.0,0.0,219.8,0.0,0.0,0.0,0.0,0.0,0.0,0.0,0.0,0.0,0.0,0.0,0.0,0.0,0.0,63,6.6,4.8,"Rain, Overcast",2.862,False,False
2024-01-07,77.7,68.0,0.0,0.0,0.0,145.7,0.0,0.0,0.0,0.0,0.0,0.0,0.0,0.0,0.0,0.0,0.0,0.0,0.0,0.0,51,4.5,-0.4,"Rain, Partially cloudy",1.02,False,False
2024-01-08,51.4,55.8,0.0,0.0,-10.0,107.2,0.0,0.0,0.0,0.0,0.0,0.0,0.0,0.0,0.0,0.0,0.0,0.0,0.0,0.0,34,-0.3,-2.5,"Snow, Rain, Partially cloudy",0.028,False,False
2024-01-09,104.4,86.4,0.0,0.0,-20.0,190.8,0.0,0.0,0.0,0.0,0.0,0.0,0.0,0.0,0.0,0.0,0.0,0.0,0.0,0.0,68,0.0,-4.3,Partially cloudy,0.0,False,False
2024-01-10,23.5,76.1,0.0,0.0,-10.0,99.6,0.0,0.0,0.0,0.0,0.0,0.0,0.0,0.0,0.0,0.0,0.0,0.0,0.0,0.0,27,-0.6,-5.2,Partially cloudy,0.0,False,False
2024-01-11,54.9,40.1,0.0,0.0,0.0,95.0,0.0,0.0,0.0,0.0,0.0,0.0,0.0,0.0,0.0,0.0,0.0,0.0,0.0,0.0,25,3.2,-4.2,Partially cloudy,0.0,False,False
2024-01-12,17.8,148.0,0.0,0.0,-20.0,165.8,0.0,0.0,0.0,0.0,0.0,0.0,0.0,0.0,0.0,0.0,0.0,0.0,1.0,20.0,53,5.0,3.1,Overcast,0.0-Ã¨_,False,False
2024-01-13,55.5,71.5,0.0,0.0,0.0,127.0,0.0,0.0,0.0,0.0,0.0,0.0,0.0,0.0,0.0,0.0,0.0,0.0,0.0,0.0,38,3.3,1.1,Overcast,0.0,False,False
2024-01-14,60.2,98.3,0.0,0.0,0.0,158.5,0.0,0.0,0.0,0.0,0.0,0.0,0.0,0.0,0.0,0.0,0.0,0.0,0.0,0.0,50,3.4,0.4,"Snow, Rain, Overcast",0.085,False,False
2024-01-15,16.9,125.0,0.0,0.0,-20.0,141.9,0.0,0.0,0.0,0.0,0.0,0.0,0.0,0.0,0.0,0.0,0.0,0.0,0.0,0.0,49,3.5,0.6,"Rain, Partially cloudy",0.055,False,False
2024-01-16,29.0,58.2,0.0,0.0,0.0,87.2,0.0,0.0,0.0,1.0,0.0,1.0,0.0,0.0,0.0,0.0,0.0,1.0,0.0,0.0,28,3.6,-1.4,Partially cloudy,0.0,False,False
2024-01-17,21.0,44.2,0.0,0.0,-10.0,65.2,0.0,0.0,0.0,0.0,0.0,0.0,0.0,0.0,0.0,0.0,0.0,0.0,0.0,0.0,24,0.3,-2.1,"Snow, Rain, Overcast",0.057,False,False
2024-01-18,40.0,105.2,0.0,0.0,0.0,145.2,0.0,0.0,0.0,0.0,0.0,0.0,0.0,0.0,0.0,0.0,0.0,0.0,0.0,0.0,31,3.1,-0.3,"Snow, Rain, Partially cloudy",0.721,False,False
2024-01-19,39.0,74.2,0.0,0.0,-10.0,113.2,0.0,0.0,0.0,0.0,0.0,0.0,0.0,0.0,0.0,0.0,0.0,0.0,0.0,0.0,32,4.3,-2.4,"Snow, Rain, Partially cloudy",1.56,False,False
2024-01-20,61.5,26.0,0.0,0.0,0.0,87.5,0.0,0.0,0.0,0.0,0.0,0.0,0.0,0.0,0.0,0.0,0.0,0.0,0.0,0.0,25,-1.2,-3.4,Partially cloudy,0.0,False,False
2024-01-21,85.2,68.4,0.0,0.0,0.0,153.6,0.0,0.0,0.0,0.0,0.0,0.0,0.0,0.0,0.0,0.0,0.0,0.0,0.0,0.0,42,8.3,-1.3,"Rain, Overcast",0.142,False,False
2024-01-22,45.8,111.9,0.0,0.0,-10.0,157.7,0.0,0.0,0.0,0.0,0.0,0.0,0.0,0.0,0.0,0.0,0.0,0.0,0.0,0.0,52,12.2,8.5,"Rain, Partially cloudy",1.287,False,False
2024-01-23,62.7,60.7,0.0,0.0,0.0,123.4,0.0,0.0,0.0,0.0,0.0,0.0,0.0,0.0,0.0,0.0,0.0,0.0,0.0,0.0,37,12.8,5.2,"Rain, Partially cloudy",1.515,False,False
2024-01-24,-3.0,99.0,0.0,0.0,-25.0,96.0,0.0,0.0,0.0,0.0,0.0,0.0,0.0,0.0,0.0,0.0,0.0,0.0,0.0,0.0,34,12.9,9.1,"Rain, Overcast",1.673,False,False
2024-01-25,48.7,113.6,0.0,0.0,0.0,162.3,0.0,0.0,0.0,0.0,0.0,0.0,0.0,0.0,0.0,0.0,0.0,0.0,0.0,0.0,44,11.0,4.4,"Rain, Partially cloudy",0.284,False,False
2024-01-26,46.5,61.3,0.0,0.0,-10.0,107.8,0.0,0.0,0.0,1.0,0.0,1.0,0.0,1.0,0.0,0.0,0.0,0.0,0.0,0.0,35,11.7,2.6,"Rain, Partially cloudy",1.713,False,False
2024-01-27,40.5,52.2,0.0,0.0,0.0,92.7,0.0,0.0,0.0,0.0,0.0,0.0,0.0,0.0,0.0,0.0,0.0,0.0,0.0,0.0,24,7.3,0.1,"Snow, Rain, Partially cloudy",0.419,False,False
2024-01-28,46.4,53.0,0.0,0.0,0.0,99.4,0.0,0.0,0.0,0.0,0.0,0.0,0.0,0.0,0.0,0.0,0.0,0.0,0.0,0.0,31,8.4,0.7,Partially cloudy,0.0,False,False
2024-01-29,76.4,46.0,0.0,0.0,-10.0,122.4,0.0,0.0,0.0,0.0,0.0,0.0,0.0,0.0,0.0,0.0,0.0,0.0,0.0,0.0,34,11.0,3.0,Partially cloudy,0.0,False,False
2024-01-30,45.4,48.5,0.0,0.0,0.0,93.9,0.0,0.0,0.0,1.0,0.0,1.0,0.0,1.0,0.0,0.0,0.0,0.0,0.0,0.0,28,10.1,6.8,Overcast,0.0,False,False
2024-01-31,51.6,87.6,0.0,0.0,-10.0,139.2,0.0,0.0,0.0,0.0,0.0,0.0,0.0,0.0,0.0,0.0,0.0,0.0,0.0,0.0,48,9.5,6.0,"Rain, Overcast",0.029,False,False
2024-02-01,47.4,50.5,0.0,0.0,0.0,97.9,0.0,0.0,0.0,3.0,2.0,1.0,0.0,3.0,0.0,0.0,0.0,0.0,0.0,0.0,30,10.5,3.8,"Rain, Partially cloudy",1.206,False,False
2024-02-02,28.0,165.3,0.0,0.0,-10.0,193.3,0.0,0.0,0.0,0.0,0.0,0.0,0.0,0.0,0.0,0.0,0.0,0.0,2.0,170.5,62,10.7,4.0,"Rain, Partially cloudy",0.026,False,False
2024-02-03,97.2,174.1,0.0,0.0,0.0,271.3,0.0,0.0,0.0,0.0,0.0,0.0,0.0,0.0,0.0,0.0,0.0,0.0,0.0,0.0,75,11.3,9.9,Overcast,0.0,False,False
2024-02-04,68.7,102.1,0.0,0.0,0.0,170.8,0.0,0.0,0.0,0.0,0.0,0.0,0.0,0.0,0.0,0.0,0.0,0.0,0.0,0.0,49,11.6,10.4,"Rain, Overcast",0.032,False,False
2024-02-05,37.7,92.7,0.0,0.0,-10.0,130.4,0.0,0.0,0.0,0.0,0.0,0.0,0.0,0.0,0.0,0.0,0.0,0.0,0.0,0.0,37,10.2,9.1,"Rain, Overcast",0.026,False,False
2024-02-06,79.5,161.7,0.0,0.0,0.0,241.2,0.0,0.0,0.0,0.0,0.0,0.0,0.0,0.0,0.0,0.0,0.0,0.0,0.0,0.0,64,12.2,9.8,"Rain, Overcast",0.032,False,False
2024-02-07,33.5,60.7,0.0,0.0,0.0,94.2,0.0,0.0,0.0,0.0,0.0,0.0,0.0,0.0,0.0,0.0,0.0,0.0,0.0,0.0,31,11.5,4.8,"Rain, Overcast",12.011,False,False
2024-02-08,42.0,64.5,0.0,0.0,-10.0,106.5,0.0,0.0,0.0,0.0,0.0,0.0,0.0,0.0,0.0,0.0,0.0,0.0,0.0,0.0,29,12.0,4.2,"Rain, Overcast",7.75,False,False
2024-02-09,37.1,119.7,0.0,0.0,0.0,156.8,0.0,0.0,0.0,3.0,2.0,1.0,0.0,3.0,0.0,0.0,0.0,0.0,0.0,0.0,46,13.2,10.2,"Rain, Overcast",2.265,False,False
2024-02-10,29.2,60.0,0.0,0.0,0.0,89.2,0.0,0.0,0.0,4.0,1.0,3.0,0.0,4.0,0.0,0.0,0.0,0.0,0.0,0.0,27,12.2,8.3,"Rain, Partially cloudy",2.205,False,False
2024-02-11,25.6,38.0,0.0,0.0,-20.0,63.6,0.0,0.0,0.0,0.0,0.0,0.0,0.0,0.0,0.0,0.0,0.0,0.0,2.0,164.8,26,10.3,7.2,"Rain, Overcast",2.202,False,False
2024-02-12,21.0,49.5,0.0,0.0,-10.0,70.5,0.0,0.0,0.0,0.0,0.0,0.0,0.0,0.0,0.0,0.0,0.0,0.0,0.0,0.0,24,9.4,4.4,"Rain, Partially cloudy",1.2,False,False
2024-02-13,26.7,7.5,0.0,0.0,0.0,34.2,0.0,0.0,0.0,0.0,0.0,0.0,0.0,0.0,0.0,0.0,0.0,0.0,0.0,0.0,10,9.5,3.1,"Rain, Partially cloudy",0.169,False,False
2024-02-14,76.5,42.2,0.0,0.0,-10.0,118.7,0.0,0.0,0.0,0.0,0.0,0.0,0.0,0.0,0.0,0.0,0.0,0.0,0.0,0.0,45,13.1,9.4,"Rain, Overcast",1.085,False,False
2024-02-15,128.2,136.9,0.0,0.0,0.0,265.1,0.0,0.0,0.0,0.0,0.0,0.0,0.0,0.0,0.0,0.0,0.0,0.0,0.0,0.0,71,15.7,12.0,"Rain, Overcast",0.903,False,False
2024-02-16,71.6,150.7,0.0,0.0,-10.0,222.3,0.0,0.0,0.0,0.0,0.0,0.0,0.0,0.0,0.0,0.0,0.0,0.0,0.0,0.0,60,13.0,9.5,"Rain, Partially cloudy",0.801,False,False
2024-02-17,68.7,154.3,0.0,0.0,0.0,223.0,0.0,0.0,0.0,0.0,0.0,0.0,0.0,0.0,0.0,0.0,0.0,0.0,0.0,0.0,64,12.9,7.4,Partially cloudy,0.0,False,False
2024-02-18,39.6,117.1,0.0,0.0,-20.0,156.7,0.0,0.0,0.0,0.0,0.0,0.0,0.0,0.0,0.0,0.0,0.0,0.0,2.0,22.3,51,12.2,8.9,"Rain, Partially cloudy",3.685,False,False
2024-02-19,50.5,58.6,0.0,0.0,-10.0,109.1,0.0,0.0,0.0,0.0,0.0,0.0,0.0,0.0,0.0,0.0,0.0,0.0,0.0,0.0,35,10.5,7.8,"Rain, Partially cloudy",0.743,False,False
2024-02-20,43.7,28.0,0.0,0.0,0.0,71.7,0.0,0.0,0.0,0.0,0.0,0.0,0.0,0.0,0.0,0.0,0.0,0.0,0.0,0.0,20,10.8,5.7,"Rain, Partially cloudy",0.315,False,False
2024-02-21,58.5,38.5,0.0,0.0,-10.0,97.0,0.0,0.0,0.0,0.0,0.0,0.0,0.0,0.0,0.0,0.0,0.0,0.0,0.0,0.0,26,10.8,8.6,"Rain, Overcast",4.238,False,False
2024-02-22,67.4,105.5,0.0,0.0,0.0,172.9,0.0,0.0,0.0,0.0,0.0,0.0,0.0,0.0,0.0,0.0,0.0,0.0,0.0,0.0,49,14.1,5.8,"Rain, Overcast",1.814,False,False
2024-02-23,44.9,72.5,0.0,0.0,-10.0,117.4,0.0,0.0,0.0,0.0,0.0,0.0,0.0,0.0,0.0,0.0,0.0,0.0,0.0,0.0,34,7.2,4.3,"Rain, Partially cloudy",3.315,False,False
2024-02-24,68.5,70.7,0.0,0.0,0.0,139.2,0.0,0.0,0.0,0.0,0.0,0.0,0.0,0.0,0.0,0.0,0.0,0.0,0.0,0.0,37,7.5,3.6,"Rain, Overcast",2.016,False,False
2024-02-25,97.6,132.2,0.0,0.0,0.0,229.8,0.0,0.0,0.0,0.0,0.0,0.0,0.0,0.0,0.0,0.0,0.0,0.0,0.0,0.0,63,9.1,4.3,"Rain, Overcast",1.632,False,False
2024-02-26,47.5,64.2,0.0,0.0,-10.0,111.7,0.0,0.0,0.0,0.0,0.0,0.0,0.0,0.0,0.0,0.0,0.0,0.0,0.0,0.0,36,6.9,5.7,"Rain, Overcast",13.694,False,False
2024-02-27,40.0,21.5,0.0,0.0,0.0,61.5,0.0,0.0,0.0,0.0,0.0,0.0,0.0,0.0,0.0,0.0,0.0,0.0,0.0,0.0,17,8.8,4.3,"Rain, Partially cloudy",0.439,False,False
2024-02-28,39.0,136.4,0.0,0.0,-10.0,175.4,0.0,0.0,0.0,0.0,0.0,0.0,0.0,0.0,0.0,0.0,0.0,0.0,0.0,0.0,48,9.6,3.3,"Rain, Overcast",0.007,False,False
2024-02-29,88.4,59.0,0.0,0.0,0.0,147.4,0.0,0.0,0.0,0.0,0.0,0.0,0.0,0.0,0.0,0.0,0.0,0.0,0.0,0.0,47,10.1,8.5,"Rain, Overcast",0.926,False,False
2024-03-01,26.5,149.7,0.0,0.0,-10.0,176.2,0.0,0.0,0.0,0.0,0.0,0.0,0.0,0.0,0.0,0.0,0.0,0.0,0.0,0.0,55,9.0,4.4,"Rain, Partially cloudy",4.384,False,False
2024-03-02,116.2,153.9,0.0,0.0,0.0,270.1,0.0,0.0,0.0,0.0,0.0,0.0,0.0,0.0,0.0,0.0,0.0,0.0,0.0,0.0,74,8.7,4.8,"Rain, Partially cloudy",10.732,False,False
2024-03-03,96.3,118.9,0.0,0.0,0.0,215.2,0.0,0.0,0.0,0.0,0.0,0.0,0.0,0.0,0.0,0.0,0.0,0.0,0.0,0.0,57,6.9,5.0,"Rain, Overcast",4.809,False,False
2024-03-04,32.7,60.8,0.0,0.0,-10.0,93.5,0.0,0.0,0.0,0.0,0.0,0.0,0.0,0.0,0.0,0.0,0.0,0.0,0.0,0.0,28,11.1,2.3,"Rain, Partially cloudy",0.006,False,False
2024-03-05,27.2,76.0,0.0,0.0,0.0,103.2,0.0,0.0,0.0,0.0,0.0,0.0,0.0,0.0,0.0,0.0,0.0,0.0,0.0,0.0,33,9.3,3.4,"Rain, Partially cloudy",0.341,False,False
2024-03-06,25.0,95.2,0.0,0.0,-10.0,120.2,0.0,0.0,0.0,0.0,0.0,0.0,0.0,0.0,0.0,0.0,0.0,0.0,0.0,0.0,32,11.1,4.4,"Rain, Partially cloudy",0.052,False,False
2024-03-07,45.2,94.3,0.0,0.0,0.0,139.5,0.0,0.0,0.0,0.0,0.0,0.0,0.0,0.0,0.0,0.0,0.0,0.0,0.0,0.0,34,10.6,3.5,"Rain, Partially cloudy",0.027,False,False
2024-03-08,50.0,99.7,0.0,0.0,0.0,149.7,0.0,0.0,0.0,0.0,0.0,0.0,0.0,0.0,0.0,0.0,0.0,0.0,0.0,0.0,39,11.9,2.6,Clear,0.0,False,False
2024-03-09,41.5,32.5,0.0,0.0,0.0,74.0,0.0,0.0,0.0,0.0,0.0,0.0,0.0,0.0,0.0,0.0,0.0,0.0,0.0,0.0,17,13.9,5.5,"Rain, Partially cloudy",0.086,False,False
2024-03-10,102.1,110.1,0.0,0.0,0.0,212.2,0.0,0.0,0.0,0.0,0.0,0.0,0.0,0.0,0.0,0.0,0.0,0.0,0.0,0.0,67,10.9,7.9,"Rain, Overcast",1.155,False,False
2024-03-11,50.2,84.0,0.0,0.0,-20.0,134.2,0.0,0.0,0.0,0.0,0.0,0.0,0.0,0.0,0.0,0.0,0.0,0.0,0.0,0.0,46,9.1,7.5,"Rain, Overcast",4.156,False,False
2024-03-12,35.7,38.0,0.0,0.0,-25.0,73.7,0.0,0.0,0.0,0.0,0.0,0.0,0.0,0.0,0.0,0.0,0.0,0.0,0.0,0.0,37,11.1,6.5,"Rain, Overcast",8.582,False,False
2024-03-13,69.9,76.9,0.0,0.0,-10.0,146.8,0.0,0.0,0.0,0.0,0.0,0.0,0.0,0.0,0.0,0.0,0.0,0.0,0.0,0.0,44,13.3,10.7,"Rain, Overcast",0.057,False,False
2024-03-14,18.5,75.2,0.0,0.0,0.0,93.7,0.0,0.0,0.0,0.0,0.0,0.0,0.0,0.0,0.0,0.0,0.0,0.0,0.0,0.0,27,16.2,7.7,"Rain, Partially cloudy",0.054,False,False
2024-03-15,44.4,39.0,0.0,0.0,0.0,83.4,0.0,0.0,0.0,0.0,0.0,0.0,0.0,0.0,0.0,0.0,0.0,0.0,0.0,0.0,21,13.9,11.0,"Rain, Overcast",0.759,False,False
2024-03-16,63.2,42.5,0.0,0.0,-25.0,105.7,0.0,0.0,0.0,0.0,0.0,0.0,0.0,0.0,0.0,0.0,0.0,0.0,1.0,15.0,45,11.4,7.9,"Rain, Partially cloudy",0.435,False,False
2024-03-17,94.9,94.0,0.0,0.0,0.0,188.9,0.0,0.0,0.0,0.0,0.0,0.0,0.0,0.0,0.0,0.0,0.0,0.0,0.0,0.0,53,13.3,8.3,"Rain, Overcast",1.308,False,False
2024-03-18,87.4,52.2,0.0,0.0,0.0,139.6,0.0,0.0,0.0,0.0,0.0,0.0,0.0,0.0,0.0,0.0,0.0,0.0,0.0,0.0,41,14.3,8.3,"Rain, Partially cloudy",0.321,False,False
2024-03-19,98.9,55.5,0.0,0.0,0.0,154.4,0.0,0.0,0.0,0.0,0.0,0.0,0.0,0.0,0.0,0.0,0.0,0.0,0.0,0.0,40,15.5,9.2,Partially cloudy,0.0,False,False
2024-03-20,49.7,86.4,0.0,0.0,-10.0,136.1,0.0,0.0,0.0,0.0,0.0,0.0,0.0,0.0,0.0,0.0,0.0,0.0,0.0,0.0,38,16.7,6.6,"Rain, Partially cloudy",0.054,False,False
2024-03-21,44.0,114.5,0.0,0.0,0.0,158.5,0.0,0.0,0.0,0.0,0.0,0.0,0.0,0.0,0.0,0.0,0.0,0.0,0.0,0.0,38,12.7,7.3,"Rain, Partially cloudy",0.027,False,False
2024-03-22,11.0,103.2,0.0,0.0,-10.0,114.2,0.0,0.0,0.0,0.0,0.0,0.0,0.0,0.0,0.0,0.0,0.0,0.0,0.0,0.0,31,11.0,8.2,"Rain, Overcast",2.646,False,False
2024-03-23,51.2,147.6,0.0,0.0,0.0,198.8,0.0,0.0,0.0,0.0,0.0,0.0,0.0,0.0,0.0,0.0,0.0,0.0,0.0,0.0,55,9.7,5.8,"Rain, Partially cloudy",4.327,False,False
2024-03-24,51.4,119.4,0.0,0.0,-10.0,170.8,0.0,0.0,0.0,0.0,0.0,0.0,0.0,0.0,0.0,0.0,0.0,0.0,0.0,0.0,55,10.6,5.5,"Rain, Partially cloudy",0.133,False,False
2024-03-25,62.7,51.0,0.0,0.0,0.0,113.7,0.0,0.0,0.0,0.0,0.0,0.0,0.0,0.0,0.0,0.0,0.0,0.0,0.0,0.0,25,12.1,2.9,"Rain, Partially cloudy",0.038,False,False
2024-03-26,44.7,73.2,0.0,0.0,0.0,117.9,0.0,0.0,0.0,0.0,0.0,0.0,0.0,0.0,0.0,0.0,0.0,0.0,0.0,0.0,33,13.5,5.4,"Rain, Partially cloudy",1.8,False,False
2024-03-27,36.0,57.8,0.0,0.0,0.0,93.8,0.0,0.0,0.0,5.0,4.0,0.0,1.0,0.0,1.0,0.0,3.0,0.0,0.0,0.0,31,11.5,6.1,"Rain, Partially cloudy",0.142,False,False
2024-03-28,16.5,51.4,0.0,0.0,0.0,67.9,0.0,0.0,0.0,0.0,0.0,0.0,0.0,0.0,0.0,0.0,0.0,0.0,0.0,0.0,18,12.8,7.0,"Rain, Partially cloudy",2.9,False,False
2024-03-29,37.5,51.7,0.0,0.0,0.0,89.2,0.0,0.0,0.0,0.0,0.0,0.0,0.0,0.0,0.0,0.0,0.0,0.0,0.0,0.0,33,14.1,7.2,"Rain, Partially cloudy",5.0,False,False
2024-03-30,118.8,112.9,0.0,0.0,0.0,231.7,0.0,0.0,0.0,1.0,1.0,0.0,0.0,0.0,1.0,0.0,0.0,0.0,0.0,0.0,56,12.5,7.1,"Rain, Partially cloudy",5.9,False,False
2024-03-31,28.0,126.7,0.0,0.0,0.0,154.7,0.0,0.0,0.0,0.0,0.0,0.0,0.0,0.0,0.0,0.0,0.0,0.0,0.0,0.0,35,13.9,6.5,"Rain, Partially cloudy",6.3,False,False
2024-04-01,116.0,46.0,0.0,0.0,0.0,162.0,1163.0,645.17,104.67,0.0,0.0,0.0,0.0,0.0,0.0,0.0,0.0,0.0,0.0,0.0,42,13.9,7.2,"Rain, Partially cloudy",1.417,True,False
2024-04-02,36.0,33.0,0.0,0.0,0.0,69.0,0.0,0.0,0.0,0.0,0.0,0.0,0.0,0.0,0.0,0.0,0.0,0.0,0.0,0.0,21,13.6,7.9,"Rain, Partially cloudy",1.615,False,False
2024-04-03,55.2,53.9,0.0,0.0,0.0,109.1,0.0,0.0,0.0,0.0,0.0,0.0,0.0,0.0,0.0,0.0,0.0,0.0,0.0,0.0,35,13.5,9.3,"Rain, Partially cloudy",6.97,False,False
2024-04-04,44.0,79.0,0.0,0.0,0.0,123.0,0.0,0.0,0.0,0.0,0.0,0.0,0.0,0.0,0.0,0.0,0.0,0.0,0.0,0.0,27,15.1,9.8,"Rain, Partially cloudy",4.483,False,False
2024-04-05,64.2,92.1,0.0,0.0,0.0,156.3,0.0,0.0,0.0,0.0,0.0,0.0,0.0,0.0,0.0,0.0,0.0,0.0,0.0,0.0,34,18.1,12.4,"Rain, Partially cloudy",1.874,False,False
2024-04-06,72.5,22.0,0.0,0.0,0.0,94.5,0.0,0.0,0.0,0.0,0.0,0.0,0.0,0.0,0.0,0.0,0.0,0.0,0.0,0.0,25,21.4,14.3,Partially cloudy,0.0,False,False
2024-04-07,124.9,62.5,0.0,0.0,0.0,187.4,0.0,0.0,0.0,0.0,0.0,0.0,0.0,0.0,0.0,0.0,0.0,0.0,0.0,0.0,43,19.2,13.0,"Rain, Partially cloudy",1.039,False,False
2024-04-08,34.2,108.4,0.0,0.0,0.0,142.6,0.0,0.0,0.0,0.0,0.0,0.0,0.0,0.0,0.0,0.0,0.0,0.0,0.0,0.0,43,19.6,9.4,"Rain, Partially cloudy",3.702,False,False
2024-04-09,26.4,74.2,0.0,0.0,0.0,100.6,0.0,0.0,0.0,0.0,0.0,0.0,0.0,0.0,0.0,0.0,0.0,0.0,0.0,0.0,35,12.8,9.0,"Rain, Partially cloudy",1.791,False,False
2024-04-10,18.5,33.0,0.0,0.0,0.0,51.5,0.0,0.0,0.0,2.0,2.0,0.0,0.0,0.0,0.0,0.0,2.0,0.0,0.0,0.0,13,14.7,5.9,Partially cloudy,0.0,False,False
2024-04-11,102.8,84.2,0.0,0.0,0.0,187.0,0.0,0.0,0.0,0.0,0.0,0.0,0.0,0.0,0.0,0.0,0.0,0.0,0.0,0.0,52,15.0,11.9,"Rain, Overcast",0.366,False,False
2024-04-12,106.0,93.5,0.0,0.0,0.0,199.5,0.0,0.0,0.0,0.0,0.0,0.0,0.0,0.0,0.0,0.0,0.0,0.0,0.0,0.0,46,20.2,11.4,"Rain, Partially cloudy",0.307,False,False
2024-04-13,79.7,83.5,0.0,0.0,0.0,163.2,0.0,0.0,0.0,0.0,0.0,0.0,0.0,0.0,0.0,0.0,0.0,0.0,0.0,0.0,41,22.0,11.2,Partially cloudy,0.0,False,False
2024-04-14,87.7,82.5,0.0,0.0,0.0,170.2,0.0,0.0,0.0,0.0,0.0,0.0,0.0,0.0,0.0,0.0,0.0,0.0,0.0,0.0,44,14.5,9.9,Partially cloudy,0.0,False,False
2024-04-15,31.5,61.2,0.0,0.0,0.0,92.7,0.0,0.0,0.0,0.0,0.0,0.0,0.0,0.0,0.0,0.0,0.0,0.0,0.0,0.0,25,11.1,7.1,"Rain, Partially cloudy",5.103,False,False
2024-04-16,39.5,69.0,0.0,0.0,0.0,108.5,0.0,0.0,0.0,1.0,0.0,0.0,1.0,0.0,0.0,0.0,0.0,0.0,0.0,0.0,24,10.7,7.1,"Rain, Overcast",3.341,False,False
2024-04-17,34.5,114.9,0.0,0.0,0.0,149.4,0.0,0.0,0.0,0.0,0.0,0.0,0.0,0.0,0.0,0.0,0.0,0.0,0.0,0.0,43,9.3,4.8,"Rain, Partially cloudy",3.855,False,False
2024-04-18,79.9,25.0,0.0,0.0,0.0,104.9,0.0,0.0,0.0,0.0,0.0,0.0,0.0,0.0,0.0,0.0,0.0,0.0,0.0,0.0,37,11.4,3.7,"Rain, Partially cloudy",0.887,False,False
2024-04-19,84.7,13.5,0.0,0.0,0.0,98.2,0.0,0.0,0.0,0.0,0.0,0.0,0.0,0.0,0.0,0.0,0.0,0.0,0.0,0.0,26,11.2,6.9,"Rain, Overcast",3.538,False,False
2024-04-20,85.9,126.2,0.0,0.0,0.0,212.1,0.0,0.0,0.0,0.0,0.0,0.0,0.0,0.0,0.0,0.0,0.0,0.0,0.0,0.0,58,9.1,5.6,"Rain, Overcast",0.893,False,False
2024-04-21,72.2,113.5,0.0,0.0,0.0,185.7,0.0,0.0,0.0,0.0,0.0,0.0,0.0,0.0,0.0,0.0,0.0,0.0,0.0,0.0,46,10.4,5.2,"Rain, Partially cloudy",1.254,False,False
2024-04-22,33.0,70.5,0.0,0.0,0.0,103.5,0.0,0.0,0.0,0.0,0.0,0.0,0.0,0.0,0.0,0.0,0.0,0.0,0.0,0.0,28,10.1,3.9,"Rain, Partially cloudy",0.168,False,False
2024-04-23,76.0,76.0,0.0,0.0,0.0,152.0,0.0,0.0,0.0,0.0,0.0,0.0,0.0,0.0,0.0,0.0,0.0,0.0,0.0,0.0,29,10.0,1.6,"Rain, Partially cloudy",0.456,False,False
2024-04-24,66.7,76.0,0.0,0.0,-4.5,142.7,0.0,0.0,0.0,0.0,0.0,0.0,0.0,0.0,0.0,0.0,0.0,0.0,0.0,0.0,35,8.0,5.5,"Rain, Partially cloudy",1.465,False,False
2024-04-25,65.3,14.0,0.0,0.0,0.0,79.3,0.0,0.0,0.0,0.0,0.0,0.0,0.0,0.0,0.0,0.0,0.0,0.0,0.0,0.0,24,10.5,5.0,"Rain, Overcast",1.029,False,False
2024-04-26,97.8,125.5,0.0,0.0,0.0,223.3,0.0,0.0,0.0,5.0,5.0,0.0,0.0,0.0,5.0,0.0,0.0,0.0,0.0,0.0,74,9.8,6.7,"Rain, Overcast",2.642,False,False
2024-04-27,106.0,83.1,0.0,0.0,0.0,189.1,0.0,0.0,0.0,0.0,0.0,0.0,0.0,0.0,0.0,0.0,0.0,0.0,0.0,0.0,46,14.7,8.0,"Rain, Overcast",3.872,False,False
2024-04-28,106.6,70.5,0.0,0.0,0.0,177.1,0.0,0.0,0.0,0.0,0.0,0.0,0.0,0.0,0.0,0.0,0.0,0.0,0.0,0.0,54,12.7,8.6,"Rain, Partially cloudy",1.022,False,False
2024-04-29,53.3,158.7,0.0,0.0,0.0,212.0,0.0,0.0,0.0,0.0,0.0,0.0,0.0,0.0,0.0,0.0,0.0,0.0,1.0,0.3,53,17.8,5.2,"Rain, Partially cloudy",0.159,False,False
2024-04-30,23.5,63.2,0.0,0.0,0.0,86.7,0.0,0.0,0.0,0.0,0.0,0.0,0.0,0.0,0.0,0.0,0.0,0.0,0.0,0.0,26,18.3,10.5,"Rain, Partially cloudy",0.229,False,False
2024-05-01,44.5,98.9,0.0,0.0,0.0,143.4,1932.0,482.74,173.88,0.0,0.0,0.0,0.0,0.0,0.0,0.0,0.0,0.0,0.0,0.0,32,19.9,11.8,"Rain, Partially cloudy",0.4,True,False
2024-05-02,49.1,147.6,0.0,0.0,0.0,196.7,0.0,0.0,0.0,0.0,0.0,0.0,0.0,0.0,0.0,0.0,0.0,0.0,0.0,0.0,48,15.3,10.4,"Rain, Partially cloudy",0.2,False,False
2024-05-03,75.5,125.5,0.0,0.0,0.0,201.0,0.0,0.0,0.0,0.0,0.0,0.0,0.0,0.0,0.0,0.0,0.0,0.0,0.0,0.0,52,15.2,9.5,"Rain, Partially cloudy",1.399,False,False
2024-05-04,66.9,82.2,0.0,0.0,0.0,149.1,0.0,0.0,0.0,0.0,0.0,0.0,0.0,0.0,0.0,0.0,0.0,0.0,0.0,0.0,32,15.6,6.1,"Rain, Partially cloudy",2.031,False,False
2024-05-05,47.2,61.7,0.0,0.0,0.0,108.9,0.0,0.0,0.0,0.0,0.0,0.0,0.0,0.0,0.0,0.0,0.0,0.0,0.0,0.0,26,16.8,6.0,"Rain, Partially cloudy",0.293,False,False
2024-05-06,54.5,122.7,0.0,0.0,0.0,177.2,0.0,0.0,0.0,0.0,0.0,0.0,0.0,0.0,0.0,0.0,0.0,0.0,0.0,0.0,48,16.3,11.2,"Rain, Overcast",2.492,False,False
2024-05-07,83.9,47.7,0.0,0.0,0.0,131.6,0.0,0.0,0.0,1.0,0.0,0.0,1.0,0.0,0.0,0.0,0.0,0.0,0.0,0.0,40,16.8,10.9,"Rain, Partially cloudy",1.762,False,False
2024-05-08,35.5,47.5,0.0,0.0,0.0,83.0,0.0,0.0,0.0,0.0,0.0,0.0,0.0,0.0,0.0,0.0,0.0,0.0,0.0,0.0,20,12.8,10.0,Overcast,0.0,True,False
2024-05-09,70.5,115.0,0.0,0.0,0.0,185.5,0.0,0.0,0.0,0.0,0.0,0.0,0.0,0.0,0.0,0.0,0.0,0.0,0.0,0.0,41,18.3,7.3,Partially cloudy,0.0,True,False
2024-05-10,49.7,82.7,0.0,0.0,0.0,132.4,0.0,0.0,0.0,0.0,0.0,0.0,0.0,0.0,0.0,0.0,0.0,0.0,2.0,9.2,27,19.5,9.8,Partially cloudy,0.0,False,False
2024-05-11,30.7,85.1,0.0,0.0,0.0,115.8,0.0,0.0,0.0,0.0,0.0,0.0,0.0,0.0,0.0,0.0,0.0,0.0,1.0,0.6,24,22.2,12.5,Partially cloudy,0.0,False,False
2024-05-12,112.0,57.0,0.0,0.0,0.0,169.0,0.0,0.0,0.0,0.0,0.0,0.0,0.0,0.0,0.0,0.0,0.0,0.0,0.0,0.0,37,25.5,13.5,"Rain, Partially cloudy",3.242,False,False
2024-05-13,84.4,131.4,0.0,0.0,0.0,215.8,0.0,0.0,0.0,0.0,0.0,0.0,0.0,0.0,0.0,0.0,0.0,0.0,0.0,0.0,48,21.4,14.6,"Rain, Partially cloudy",0.063,False,False
2024-05-14,64.2,56.6,0.0,0.0,0.0,120.8,0.0,0.0,0.0,0.0,0.0,0.0,0.0,0.0,0.0,0.0,0.0,0.0,0.0,0.0,31,19.3,13.8,"Rain, Partially cloudy",2.526,False,False
2024-05-15,20.7,62.0,0.0,0.0,0.0,82.7,0.0,0.0,0.0,0.0,0.0,0.0,0.0,0.0,0.0,0.0,0.0,0.0,0.0,0.0,24,17.8,12.7,"Rain, Overcast",9.734,False,False
2024-05-16,85.3,131.4,0.0,0.0,-4.5,216.7,0.0,0.0,0.0,0.0,0.0,0.0,0.0,0.0,0.0,0.0,0.0,0.0,0.0,0.0,66,16.6,13.6,"Rain, Partially cloudy",7.911,False,False
2024-05-17,65.5,62.4,0.0,0.0,0.0,127.9,0.0,0.0,0.0,0.0,0.0,0.0,0.0,0.0,0.0,0.0,0.0,0.0,0.0,0.0,31,18.2,11.1,"Rain, Partially cloudy",1.611,False,False
2024-05-18,77.1,167.6,0.0,0.0,0.0,244.7,0.0,0.0,0.0,1.0,0.0,1.0,0.0,0.0,0.0,0.0,0.0,1.0,0.0,0.0,63,15.7,12.5,"Rain, Overcast",4.32,False,False
2024-05-19,61.7,39.0,0.0,0.0,0.0,100.7,0.0,0.0,0.0,0.0,0.0,0.0,0.0,0.0,0.0,0.0,0.0,0.0,0.0,0.0,24,18.4,11.8,"Rain, Partially cloudy",0.689,False,False
2024-05-20,80.5,33.0,0.0,0.0,0.0,113.5,0.0,0.0,0.0,0.0,0.0,0.0,0.0,0.0,0.0,0.0,0.0,0.0,0.0,0.0,33,17.4,12.6,"Rain, Partially cloudy",1.346,True,False
2024-05-21,53.6,61.2,0.0,0.0,0.0,114.8,0.0,0.0,0.0,0.0,0.0,0.0,0.0,0.0,0.0,0.0,0.0,0.0,0.0,0.0,31,15.9,13.2,"Rain, Overcast",6.777,False,False
2024-05-22,84.7,67.2,0.0,0.0,0.0,151.9,0.0,0.0,0.0,0.0,0.0,0.0,0.0,0.0,0.0,0.0,0.0,0.0,0.0,0.0,34,17.7,13.3,"Rain, Partially cloudy",0.762,False,False
2024-05-23,97.0,74.5,0.0,0.0,0.0,171.5,0.0,0.0,0.0,0.0,0.0,0.0,0.0,0.0,0.0,0.0,0.0,0.0,0.0,0.0,47,19.2,12.5,"Rain, Partially cloudy",1.554,False,False
2024-05-24,81.7,102.4,0.0,0.0,0.0,184.1,0.0,0.0,0.0,0.0,0.0,0.0,0.0,0.0,0.0,0.0,0.0,0.0,0.0,0.0,40,17.1,10.9,"Rain, Partially cloudy",0.625,False,False
2024-05-25,78.0,49.2,0.0,0.0,0.0,127.2,0.0,0.0,0.0,0.0,0.0,0.0,0.0,0.0,0.0,0.0,0.0,0.0,0.0,0.0,26,18.6,10.8,"Rain, Partially cloudy",0.111,False,False
2024-05-26,92.5,61.7,0.0,0.0,0.0,154.2,0.0,0.0,0.0,0.0,0.0,0.0,0.0,0.0,0.0,0.0,0.0,0.0,0.0,0.0,43,18.8,13.6,"Rain, Partially cloudy",4.131,False,False
2024-05-27,108.4,54.2,0.0,0.0,0.0,162.6,0.0,0.0,0.0,0.0,0.0,0.0,0.0,0.0,0.0,0.0,0.0,0.0,0.0,0.0,37,16.4,11.4,"Rain, Partially cloudy",0.536,False,False
2024-05-28,5.0,52.7,0.0,0.0,0.0,57.7,0.0,0.0,0.0,0.0,0.0,0.0,0.0,0.0,0.0,0.0,0.0,0.0,0.0,0.0,16,16.6,9.6,"Rain, Partially cloudy",1.26,False,False
2024-05-29,57.4,61.7,0.0,0.0,0.0,119.1,0.0,0.0,0.0,0.0,0.0,0.0,0.0,0.0,0.0,0.0,0.0,0.0,0.0,0.0,31,18.9,14.0,"Rain, Partially cloudy",2.187,False,False
2024-05-30,70.5,64.7,0.0,0.0,0.0,135.2,0.0,0.0,0.0,1.0,0.0,0.0,1.0,0.0,0.0,0.0,0.0,0.0,0.0,0.0,37,16.3,12.9,"Rain, Overcast",0.211,False,False
2024-05-31,37.0,54.2,0.0,0.0,0.0,91.2,0.0,0.0,0.0,0.0,0.0,0.0,0.0,0.0,0.0,0.0,0.0,0.0,0.0,0.0,21,15.5,12.4,"Rain, Overcast",7.303,False,False
2024-06-01,71.0,97.8,0.0,0.0,0.0,168.8,2043.0,503.64,183.87,0.0,0.0,0.0,0.0,0.0,0.0,0.0,0.0,0.0,0.0,0.0,46,13.8,12.5,"Rain, Overcast",1.753,False,False
2024-06-02,57.0,71.5,0.0,0.0,0.0,128.5,0.0,0.0,0.0,0.0,0.0,0.0,0.0,0.0,0.0,0.0,0.0,0.0,0.0,0.0,37,15.7,11.2,Partially cloudy,0.0,False,False
2024-06-03,55.5,41.0,0.0,0.0,0.0,96.5,0.0,0.0,0.0,0.0,0.0,0.0,0.0,0.0,0.0,0.0,0.0,0.0,0.0,0.0,18,18.3,8.5,Partially cloudy,0.0,False,False
2024-06-04,71.7,0.0,0.0,0.0,0.0,71.7,0.0,0.0,0.0,0.0,0.0,0.0,0.0,0.0,0.0,0.0,0.0,0.0,0.0,0.0,19,20.4,13.8,Overcast,0.0,False,False
2024-06-05,80.0,102.0,0.0,0.0,0.0,182.0,0.0,0.0,0.0,0.0,0.0,0.0,0.0,0.0,0.0,0.0,0.0,0.0,0.0,0.0,40,17.3,11.7,"Rain, Partially cloudy",0.282,False,False
2024-06-06,84.7,160.5,0.0,0.0,0.0,245.2,0.0,0.0,0.0,0.0,0.0,0.0,0.0,0.0,0.0,0.0,0.0,0.0,0.0,0.0,60,17.1,9.4,"Rain, Partially cloudy",0.081,False,False
2024-06-07,9.0,63.0,0.0,0.0,0.0,72.0,0.0,0.0,0.0,0.0,0.0,0.0,0.0,0.0,0.0,0.0,0.0,0.0,0.0,0.0,13,18.7,8.6,Partially cloudy,0.0,False,False
2024-06-08,59.2,171.6,0.0,0.0,0.0,230.8,0.0,0.0,0.0,3.0,2.0,1.0,0.0,1.0,0.0,2.0,0.0,0.0,1.0,40.0,64,18.1,9.1,Partially cloudy,0.0,False,False
2024-06-09,93.2,41.0,0.0,0.0,0.0,134.2,0.0,0.0,0.0,0.0,0.0,0.0,0.0,0.0,0.0,0.0,0.0,0.0,0.0,0.0,32,17.6,9.5,"Rain, Partially cloudy",0.054,False,False
2024-06-10,67.7,17.7,0.0,0.0,0.0,85.4,0.0,0.0,0.0,3.0,1.0,2.0,0.0,3.0,0.0,0.0,0.0,0.0,4.0,63.3,28,14.0,11.3,"Rain, Partially cloudy",7.039,False,False
2024-06-11,99.6,104.8,0.0,0.0,0.0,204.4,0.0,0.0,0.0,3.0,2.0,0.0,1.0,0.0,0.0,2.0,0.0,0.0,0.0,0.0,61,14.5,8.6,"Rain, Partially cloudy",2.751,False,False
2024-06-12,85.0,57.5,0.0,0.0,0.0,142.5,0.0,0.0,0.0,0.0,0.0,0.0,0.0,0.0,0.0,0.0,0.0,0.0,0.0,0.0,36,15.3,10.0,"Rain, Overcast",0.954,False,False
2024-06-13,109.1,62.4,0.0,0.0,-4.5,171.5,0.0,0.0,0.0,0.0,0.0,0.0,0.0,0.0,0.0,0.0,0.0,0.0,0.0,0.0,48,17.7,9.3,Partially cloudy,0.0,False,False
2024-06-14,41.8,57.4,0.0,0.0,0.0,99.2,0.0,0.0,0.0,0.0,0.0,0.0,0.0,0.0,0.0,0.0,0.0,0.0,0.0,0.0,28,18.0,11.9,"Rain, Overcast",4.401,False,False
2024-06-15,111.0,75.0,0.0,0.0,0.0,186.0,0.0,0.0,0.0,0.0,0.0,0.0,0.0,0.0,0.0,0.0,0.0,0.0,0.0,0.0,55,16.5,10.8,"Rain, Partially cloudy",3.568,False,False
2024-06-16,110.1,117.2,0.0,0.0,0.0,227.3,0.0,0.0,0.0,0.0,0.0,0.0,0.0,0.0,0.0,0.0,0.0,0.0,0.0,0.0,64,18.5,12.2,"Rain, Partially cloudy",1.619,False,False
2024-06-17,48.5,75.0,0.0,0.0,0.0,123.5,0.0,0.0,0.0,1.0,0.0,0.0,1.0,0.0,0.0,0.0,0.0,0.0,5.0,80.2,30,19.9,13.1,"Rain, Partially cloudy",0.315,False,False
2024-06-18,76.0,25.5,0.0,0.0,0.0,101.5,0.0,0.0,0.0,0.0,0.0,0.0,0.0,0.0,0.0,0.0,0.0,0.0,0.0,0.0,27,17.3,15.0,"Rain, Overcast",7.352,False,False
2024-06-19,11.5,48.0,0.0,0.0,0.0,59.5,0.0,0.0,0.0,0.0,0.0,0.0,0.0,0.0,0.0,0.0,0.0,0.0,0.0,0.0,15,19.0,14.1,"Rain, Partially cloudy",0.479,False,False
2024-06-20,41.5,84.7,0.0,0.0,0.0,126.2,0.0,0.0,0.0,0.0,0.0,0.0,0.0,0.0,0.0,0.0,0.0,0.0,0.0,0.0,28,20.4,13.0,"Rain, Partially cloudy",0.007,False,False
2024-06-21,40.2,57.2,0.0,0.0,0.0,97.4,0.0,0.0,0.0,0.0,0.0,0.0,0.0,0.0,0.0,0.0,0.0,0.0,0.0,0.0,29,20.5,14.1,"Rain, Partially cloudy",0.482,False,False
2024-06-22,34.0,35.2,0.0,0.0,0.0,69.2,0.0,0.0,0.0,0.0,0.0,0.0,0.0,0.0,0.0,0.0,0.0,0.0,0.0,0.0,18,20.0,13.6,"Rain, Partially cloudy",0.322,False,False
2024-06-23,72.2,61.9,0.0,0.0,0.0,134.1,0.0,0.0,0.0,0.0,0.0,0.0,0.0,0.0,0.0,0.0,0.0,0.0,0.0,0.0,35,22.1,11.9,Rain,0.049,False,False
2024-06-24,102.7,94.5,0.0,0.0,0.0,197.2,0.0,0.0,0.0,0.0,0.0,0.0,0.0,0.0,0.0,0.0,0.0,0.0,0.0,0.0,32,24.1,12.5,Clear,0.0,False,False
2024-06-25,84.7,93.7,0.0,0.0,0.0,178.4,0.0,0.0,0.0,0.0,0.0,0.0,0.0,0.0,0.0,0.0,0.0,0.0,0.0,0.0,41,26.0,15.9,Clear,0.0,False,False
2024-06-26,55.0,209.8,0.0,0.0,0.0,264.8,0.0,0.0,0.0,0.0,0.0,0.0,0.0,0.0,0.0,0.0,0.0,0.0,0.0,0.0,52,26.6,17.0,Clear,0.0,False,False
2024-06-27,64.0,81.9,0.0,0.0,0.0,145.9,0.0,0.0,0.0,0.0,0.0,0.0,0.0,0.0,0.0,0.0,0.0,0.0,0.0,0.0,28,26.0,16.7,Partially cloudy,0.0,False,False
2024-06-28,65.6,118.7,0.0,0.0,0.0,184.3,0.0,0.0,0.0,0.0,0.0,0.0,0.0,0.0,0.0,0.0,0.0,0.0,0.0,0.0,40,20.8,14.1,Partially cloudy,0.0,False,False
2024-06-29,90.5,89.0,0.0,0.0,0.0,179.5,0.0,0.0,0.0,0.0,0.0,0.0,0.0,0.0,0.0,0.0,0.0,0.0,0.0,0.0,43,22.5,10.8,"Rain, Partially cloudy",0.436,False,False
2024-06-30,59.7,86.4,0.0,0.0,0.0,146.1,0.0,0.0,0.0,0.0,0.0,0.0,0.0,0.0,0.0,0.0,0.0,0.0,0.0,0.0,31,20.7,14.6,"Rain, Overcast",0.38,False,False
2024-07-01,25.2,62.5,0.0,0.0,0.0,87.7,2034.0,530.75,183.06,0.0,0.0,0.0,0.0,0.0,0.0,0.0,0.0,0.0,0.0,0.0,22,19.1,13.0,"Rain, Partially cloudy",0.53,False,False
2024-07-02,106.4,59.4,0.0,0.0,0.0,165.8,0.0,0.0,0.0,4.0,4.0,0.0,0.0,0.0,0.0,4.0,0.0,0.0,0.0,0.0,43,17.1,14.2,"Rain, Overcast",0.841,False,False
2024-07-03,26.7,26.7,0.0,0.0,0.0,53.4,0.0,0.0,0.0,0.0,0.0,0.0,0.0,0.0,0.0,0.0,0.0,0.0,0.0,0.0,15,17.7,12.7,"Rain, Overcast",3.281,False,False
2024-07-04,57.5,96.9,0.0,0.0,0.0,154.4,0.0,0.0,0.0,0.0,0.0,0.0,0.0,0.0,0.0,0.0,0.0,0.0,0.0,0.0,33,19.3,14.4,"Rain, Partially cloudy",2.04,False,False
2024-07-05,84.8,64.6,0.0,0.0,0.0,149.4,0.0,0.0,0.0,0.0,0.0,0.0,0.0,0.0,0.0,0.0,0.0,0.0,0.0,0.0,44,19.4,14.1,"Rain, Overcast",1.878,False,False
2024-07-06,18.5,96.4,0.0,0.0,0.0,114.9,0.0,0.0,0.0,0.0,0.0,0.0,0.0,0.0,0.0,0.0,0.0,0.0,0.0,0.0,25,17.9,13.3,"Rain, Partially cloudy",4.706,False,False
2024-07-07,72.9,110.7,0.0,0.0,0.0,183.6,0.0,0.0,0.0,0.0,0.0,0.0,0.0,0.0,0.0,0.0,0.0,0.0,0.0,0.0,45,18.9,11.0,"Rain, Partially cloudy",0.763,False,False
2024-07-08,38.0,109.9,0.0,0.0,0.0,147.9,0.0,0.0,0.0,0.0,0.0,0.0,0.0,0.0,0.0,0.0,0.0,0.0,0.0,0.0,39,19.8,12.8,"Rain, Partially cloudy",0.133,False,False
2024-07-09,51.0,79.4,0.0,0.0,0.0,130.4,0.0,0.0,0.0,1.0,0.0,1.0,0.0,0.0,0.0,0.0,0.0,1.0,0.0,0.0,38,24.1,16.0,"Rain, Overcast",3.732,False,False
2024-07-10,64.0,170.9,0.0,0.0,0.0,234.9,0.0,0.0,0.0,0.0,0.0,0.0,0.0,0.0,0.0,0.0,0.0,0.0,0.0,0.0,55,21.6,16.1,"Rain, Partially cloudy",1.69,False,False
2024-07-11,50.5,189.7,0.0,0.0,0.0,240.2,0.0,0.0,0.0,1.0,0.0,0.0,1.0,0.0,0.0,0.0,0.0,0.0,0.0,0.0,54,21.4,13.2,"Rain, Partially cloudy",0.111,False,False
2024-07-12,46.1,74.7,0.0,0.0,0.0,120.8,0.0,0.0,0.0,0.0,0.0,0.0,0.0,0.0,0.0,0.0,0.0,0.0,0.0,0.0,33,16.4,13.5,"Rain, Overcast",9.705,False,False
2024-07-13,84.3,143.5,0.0,0.0,0.0,227.8,0.0,0.0,0.0,0.0,0.0,0.0,0.0,0.0,0.0,0.0,0.0,0.0,0.0,0.0,55,19.4,12.0,"Rain, Partially cloudy",1.857,False,False
2024-07-14,61.0,51.5,0.0,0.0,0.0,112.5,0.0,0.0,0.0,0.0,0.0,0.0,0.0,0.0,0.0,0.0,0.0,0.0,0.0,0.0,27,21.1,11.5,Partially cloudy,0.0,True,False
2024-07-15,34.2,71.4,0.0,0.0,0.0,105.6,0.0,0.0,0.0,0.0,0.0,0.0,0.0,0.0,0.0,0.0,0.0,0.0,0.0,0.0,27,23.8,12.2,"Rain, Partially cloudy",0.463,False,False
2024-07-16,74.9,90.2,0.0,0.0,0.0,165.1,0.0,0.0,0.0,0.0,0.0,0.0,0.0,0.0,0.0,0.0,0.0,0.0,0.0,0.0,37,19.7,14.6,"Rain, Partially cloudy",3.363,False,False
2024-07-17,178.2,104.5,0.0,0.0,0.0,282.7,0.0,0.0,0.0,0.0,0.0,0.0,0.0,0.0,0.0,0.0,0.0,0.0,0.0,0.0,60,22.4,15.2,"Rain, Partially cloudy",0.471,False,False
2024-07-18,26.0,88.2,0.0,0.0,0.0,114.2,0.0,0.0,0.0,0.0,0.0,0.0,0.0,0.0,0.0,0.0,0.0,0.0,0.0,0.0,22,26.3,14.4,"Rain, Partially cloudy",0.005,False,False
2024-07-19,104.9,118.7,0.0,0.0,0.0,223.6,0.0,0.0,0.0,2.0,2.0,0.0,0.0,0.0,0.0,2.0,0.0,0.0,0.0,0.0,46,28.8,18.8,Partially cloudy,0.0,False,False
2024-07-20,45.7,200.6,0.0,0.0,0.0,246.3,0.0,0.0,0.0,0.0,0.0,0.0,0.0,0.0,0.0,0.0,0.0,0.0,0.0,0.0,55,26.6,18.6,Partially cloudy,0.0,False,False
2024-07-21,51.2,88.2,0.0,0.0,0.0,139.4,0.0,0.0,0.0,0.0,0.0,0.0,0.0,0.0,0.0,0.0,0.0,0.0,0.0,0.0,33,22.6,18.7,Partially cloudy,0.0,False,False
2024-07-22,80.4,40.2,0.0,0.0,0.0,120.6,0.0,0.0,0.0,0.0,0.0,0.0,0.0,0.0,0.0,0.0,0.0,0.0,0.0,0.0,25,22.5,15.0,"Rain, Partially cloudy",0.105,False,False
2024-07-23,37.5,49.5,0.0,0.0,0.0,87.0,0.0,0.0,0.0,0.0,0.0,0.0,0.0,0.0,0.0,0.0,0.0,0.0,0.0,0.0,15,19.6,15.6,"Rain, Partially cloudy",0.611,False,False
2024-07-24,95.0,115.4,0.0,0.0,0.0,210.4,0.0,0.0,0.0,0.0,0.0,0.0,0.0,0.0,0.0,0.0,0.0,0.0,0.0,0.0,41,22.8,13.5,"Rain, Partially cloudy",0.718,False,False
2024-07-25,134.9,106.9,0.0,0.0,0.0,241.8,0.0,0.0,0.0,0.0,0.0,0.0,0.0,0.0,0.0,0.0,0.0,0.0,0.0,0.0,59,22.9,15.8,"Rain, Overcast",2.565,False,False
2024-07-26,69.7,36.2,0.0,0.0,0.0,105.9,0.0,0.0,0.0,0.0,0.0,0.0,0.0,0.0,0.0,0.0,0.0,0.0,0.0,0.0,24,22.4,17.1,"Rain, Partially cloudy",1.458,False,False
2024-07-27,69.8,137.6,0.0,0.0,0.0,207.4,0.0,0.0,0.0,0.0,0.0,0.0,0.0,0.0,0.0,0.0,0.0,0.0,0.0,0.0,44,21.3,14.0,"Rain, Partially cloudy",0.027,False,False
2024-07-28,35.7,70.5,0.0,0.0,0.0,106.2,0.0,0.0,0.0,0.0,0.0,0.0,0.0,0.0,0.0,0.0,0.0,0.0,0.0,0.0,22,23.7,12.3,Clear,0.0,False,False
2024-07-29,112.8,202.4,0.0,0.0,0.0,315.2,0.0,0.0,0.0,1.0,0.0,0.0,1.0,0.0,0.0,0.0,0.0,0.0,0.0,0.0,56,27.3,14.3,Clear,0.0,False,False
2024-07-30,80.0,187.8,0.0,0.0,0.0,267.8,0.0,0.0,0.0,0.0,0.0,0.0,0.0,0.0,0.0,0.0,0.0,0.0,0.0,0.0,48,29.2,17.7,Partially cloudy,0.0,False,False
2024-07-31,87.9,149.0,0.0,0.0,0.0,236.9,0.0,0.0,0.0,0.0,0.0,0.0,0.0,0.0,0.0,0.0,0.0,0.0,0.0,0.0,51,27.3,20.1,"Rain, Partially cloudy",0.95,False,False
2024-08-01,54.2,87.9,0.0,0.0,0.0,142.1,1869.0,511.81,168.21,0.0,0.0,0.0,0.0,0.0,0.0,0.0,0.0,0.0,0.0,0.0,32,24.4,19.8,"Rain, Partially cloudy",18.899,False,False
2024-08-02,110.6,83.7,0.0,0.0,0.0,194.3,0.0,0.0,0.0,0.0,0.0,0.0,0.0,0.0,0.0,0.0,0.0,0.0,0.0,0.0,39,24.8,17.3,"Rain, Partially cloudy",2.077,False,False
2024-08-03,117.0,43.4,0.0,0.0,0.0,160.4,0.0,0.0,0.0,0.0,0.0,0.0,0.0,0.0,0.0,0.0,0.0,0.0,0.0,0.0,38,22.0,16.8,"Rain, Partially cloudy",4.145,False,False
2024-08-04,18.5,103.0,0.0,0.0,0.0,121.5,0.0,0.0,0.0,0.0,0.0,0.0,0.0,0.0,0.0,0.0,0.0,0.0,0.0,0.0,30,22.1,15.8,"Rain, Partially cloudy",2.878,False,False
2024-08-05,81.2,159.0,0.0,0.0,0.0,240.2,0.0,0.0,0.0,0.0,0.0,0.0,0.0,0.0,0.0,0.0,0.0,0.0,0.0,0.0,48,24.7,13.2,"Rain, Partially cloudy",0.183,False,False
2024-08-06,122.8,220.5,0.0,0.0,0.0,343.3,0.0,0.0,0.0,0.0,0.0,0.0,0.0,0.0,0.0,0.0,0.0,0.0,0.0,0.0,71,25.9,15.6,Partially cloudy,0.0,False,False
2024-08-07,84.7,87.5,0.0,0.0,0.0,172.2,0.0,0.0,0.0,0.0,0.0,0.0,0.0,0.0,0.0,0.0,0.0,0.0,0.0,0.0,37,22.5,16.4,"Rain, Partially cloudy",0.165,False,False
2024-08-08,88.7,99.9,0.0,0.0,0.0,188.6,0.0,0.0,0.0,0.0,0.0,0.0,0.0,0.0,0.0,0.0,0.0,0.0,0.0,0.0,37,24.4,15.9,"Rain, Partially cloudy",0.153,False,False
2024-08-09,93.2,89.4,0.0,0.0,0.0,182.6,0.0,0.0,0.0,0.0,0.0,0.0,0.0,0.0,0.0,0.0,0.0,0.0,0.0,0.0,40,23.9,16.6,"Rain, Partially cloudy",0.192,False,False
2024-08-10,80.0,201.7,0.0,0.0,0.0,281.7,0.0,0.0,0.0,0.0,0.0,0.0,0.0,0.0,0.0,0.0,0.0,0.0,0.0,0.0,52,25.3,14.6,Partially cloudy,0.0,False,False
2024-08-11,80.0,121.1,0.0,0.0,0.0,201.1,0.0,0.0,0.0,0.0,0.0,0.0,0.0,0.0,0.0,0.0,0.0,0.0,0.0,0.0,42,26.8,14.7,Clear,0.0,False,False
2024-08-12,104.2,105.2,0.0,0.0,0.0,209.4,0.0,0.0,0.0,0.0,0.0,0.0,0.0,0.0,0.0,0.0,0.0,0.0,0.0,0.0,42,33.6,17.5,Partially cloudy,0.0,False,False
2024-08-13,117.4,172.1,0.0,0.0,0.0,289.5,0.0,0.0,0.0,1.0,0.0,0.0,1.0,0.0,0.0,0.0,0.0,0.0,0.0,0.0,64,24.3,18.8,"Rain, Partially cloudy",0.026,False,False
2024-08-14,119.4,117.1,0.0,0.0,0.0,236.5,0.0,0.0,0.0,0.0,0.0,0.0,0.0,0.0,0.0,0.0,0.0,0.0,0.0,0.0,46,24.4,16.6,"Rain, Partially cloudy",0.235,False,False
2024-08-15,67.5,82.4,0.0,0.0,0.0,149.9,0.0,0.0,0.0,0.0,0.0,0.0,0.0,0.0,0.0,0.0,0.0,0.0,0.0,0.0,24,24.7,16.0,Partially cloudy,0.0,True,False
2024-08-16,52.4,162.6,0.0,0.0,0.0,215.0,0.0,0.0,0.0,0.0,0.0,0.0,0.0,0.0,0.0,0.0,0.0,0.0,0.0,0.0,46,20.3,18.9,"Rain, Overcast",4.808,False,False
2024-08-17,132.5,87.0,0.0,0.0,0.0,219.5,0.0,0.0,0.0,0.0,0.0,0.0,0.0,0.0,0.0,0.0,0.0,0.0,0.0,0.0,49,22.8,16.7,"Rain, Partially cloudy",1.607,False,False
2024-08-18,83.7,127.9,0.0,0.0,-9.0,211.6,0.0,0.0,0.0,0.0,0.0,0.0,0.0,0.0,0.0,0.0,0.0,0.0,0.0,0.0,50,20.9,14.6,"Rain, Partially cloudy",0.026,False,False
2024-08-19,107.4,185.9,0.0,0.0,0.0,293.3,0.0,0.0,0.0,0.0,0.0,0.0,0.0,0.0,0.0,0.0,0.0,0.0,0.0,0.0,68,22.4,12.7,Partially cloudy,0.0,False,False
2024-08-20,49.8,93.9,0.0,0.0,0.0,143.7,0.0,0.0,0.0,0.0,0.0,0.0,0.0,0.0,0.0,0.0,0.0,0.0,0.0,0.0,33,20.9,15.2,"Rain, Partially cloudy",12.214,False,False
2024-08-21,97.0,187.6,0.0,0.0,0.0,284.6,0.0,0.0,0.0,4.0,4.0,0.0,0.0,0.0,0.0,4.0,0.0,0.0,0.0,0.0,60,20.6,12.9,"Rain, Partially cloudy",0.637,False,False
2024-08-22,90.1,134.0,0.0,0.0,0.0,224.1,0.0,0.0,0.0,0.0,0.0,0.0,0.0,0.0,0.0,0.0,0.0,0.0,0.0,0.0,50,23.2,12.4,Partially cloudy,0.0,False,False
2024-08-23,57.0,114.2,0.0,0.0,0.0,171.2,0.0,0.0,0.0,0.0,0.0,0.0,0.0,0.0,0.0,0.0,0.0,0.0,0.0,0.0,44,22.5,16.4,"Rain, Partially cloudy",0.17,False,False
2024-08-24,70.5,104.6,0.0,0.0,0.0,175.1,0.0,0.0,0.0,0.0,0.0,0.0,0.0,0.0,0.0,0.0,0.0,0.0,0.0,0.0,41,24.0,15.9,"Rain, Overcast",5.522,False,False
2024-08-25,100.0,76.1,0.0,0.0,0.0,176.1,0.0,0.0,0.0,0.0,0.0,0.0,0.0,0.0,0.0,0.0,0.0,0.0,0.0,0.0,50,19.9,11.6,"Rain, Partially cloudy",1.148,False,False
2024-08-26,103.7,102.1,0.0,0.0,-9.0,205.8,0.0,0.0,0.0,0.0,0.0,0.0,0.0,0.0,0.0,0.0,0.0,0.0,0.0,0.0,49,22.0,12.8,"Rain, Partially cloudy",0.196,False,False
2024-08-27,87.4,151.4,0.0,0.0,0.0,238.8,0.0,0.0,0.0,0.0,0.0,0.0,0.0,0.0,0.0,0.0,0.0,0.0,0.0,0.0,50,25.0,12.3,"Rain, Partially cloudy",0.653,False,False
2024-08-28,75.6,167.7,0.0,0.0,0.0,243.3,0.0,0.0,0.0,0.0,0.0,0.0,0.0,0.0,0.0,0.0,0.0,0.0,0.0,0.0,54,29.1,13.8,Partially cloudy,0.0,False,False
2024-08-29,62.4,128.6,0.0,0.0,0.0,191.0,0.0,0.0,0.0,0.0,0.0,0.0,0.0,0.0,0.0,0.0,0.0,0.0,0.0,0.0,39,22.3,17.0,Partially cloudy,0.0,False,False
2024-08-30,71.0,49.9,0.0,0.0,0.0,120.9,0.0,0.0,0.0,1.0,0.0,0.0,1.0,0.0,0.0,0.0,0.0,0.0,0.0,0.0,32,22.1,15.0,"Rain, Partially cloudy",0.145,False,False
2024-08-31,33.2,92.2,0.0,0.0,0.0,125.4,0.0,0.0,0.0,0.0,0.0,0.0,0.0,0.0,0.0,0.0,0.0,0.0,0.0,0.0,25,23.3,16.9,"Rain, Partially cloudy",2.664,False,False
2024-09-01,95.8,68.5,0.0,0.0,0.0,164.3,2350.0,580.43,211.5,2.0,2.0,0.0,0.0,0.0,0.0,2.0,0.0,0.0,0.0,0.0,38,30.2,18.0,"Rain, Partially cloudy",0.978,False,False
2024-09-02,56.2,60.0,0.0,0.0,0.0,116.2,0.0,0.0,0.0,0.0,0.0,0.0,0.0,0.0,0.0,0.0,0.0,0.0,0.0,0.0,24,24.7,18.2,"Rain, Partially cloudy",0.214,False,False
2024-09-03,55.9,120.2,0.0,0.0,0.0,176.1,0.0,0.0,0.0,0.0,0.0,0.0,0.0,0.0,0.0,0.0,0.0,0.0,0.0,0.0,37,20.7,17.4,"Rain, Overcast",0.202,False,False
2024-09-04,32.4,156.5,0.0,0.0,0.0,188.9,0.0,0.0,0.0,0.0,0.0,0.0,0.0,0.0,0.0,0.0,0.0,0.0,0.0,0.0,47,19.9,14.3,"Rain, Partially cloudy",1.805,False,False
2024-09-05,83.0,67.7,0.0,0.0,0.0,150.7,0.0,0.0,0.0,0.0,0.0,0.0,0.0,0.0,0.0,0.0,0.0,0.0,0.0,0.0,38,21.3,16.2,"Rain, Overcast",0.107,False,False
2024-09-06,86.5,187.1,0.0,0.0,0.0,273.6,0.0,0.0,0.0,0.0,0.0,0.0,0.0,0.0,0.0,0.0,0.0,0.0,0.0,0.0,73,18.6,15.9,"Rain, Overcast",6.803,False,False
2024-09-07,107.5,125.2,0.0,0.0,0.0,232.7,0.0,0.0,0.0,0.0,0.0,0.0,0.0,0.0,0.0,0.0,0.0,0.0,0.0,0.0,64,23.6,13.1,"Rain, Partially cloudy",0.161,False,False
2024-09-08,110.6,124.0,0.0,0.0,0.0,234.6,0.0,0.0,0.0,0.0,0.0,0.0,0.0,0.0,0.0,0.0,0.0,0.0,0.0,0.0,61,20.0,14.3,"Rain, Partially cloudy",3.13,False,False
2024-09-09,81.6,112.2,0.0,0.0,0.0,193.8,0.0,0.0,0.0,0.0,0.0,0.0,0.0,0.0,0.0,0.0,0.0,0.0,0.0,0.0,46,17.9,15.3,"Rain, Overcast",5.043,False,False
2024-09-10,59.7,221.2,0.0,0.0,0.0,280.9,0.0,0.0,0.0,0.0,0.0,0.0,0.0,0.0,0.0,0.0,0.0,0.0,0.0,0.0,76,16.2,11.6,"Rain, Partially cloudy",2.514,False,False
2024-09-11,41.2,166.9,0.0,0.0,0.0,208.1,0.0,0.0,0.0,0.0,0.0,0.0,0.0,0.0,0.0,0.0,0.0,0.0,0.0,0.0,50,15.7,10.8,"Rain, Partially cloudy",10.207,False,False
2024-09-12,37.8,150.0,0.0,0.0,0.0,187.8,0.0,0.0,0.0,0.0,0.0,0.0,0.0,0.0,0.0,0.0,0.0,0.0,0.0,0.0,48,14.6,9.3,"Rain, Partially cloudy",1.478,False,False
2024-09-13,78.4,98.4,0.0,0.0,0.0,176.8,0.0,0.0,0.0,0.0,0.0,0.0,0.0,0.0,0.0,0.0,0.0,0.0,0.0,0.0,43,15.0,9.3,"Rain, Partially cloudy",2.327,False,False
2024-09-14,34.5,200.8,0.0,0.0,0.0,235.3,0.0,0.0,0.0,0.0,0.0,0.0,0.0,0.0,0.0,0.0,0.0,0.0,0.0,0.0,53,17.4,7.0,"Rain, Partially cloudy",1.482,False,False
2024-09-15,102.7,101.0,0.0,0.0,0.0,203.7,0.0,0.0,0.0,0.0,0.0,0.0,0.0,0.0,0.0,0.0,0.0,0.0,0.0,0.0,45,18.7,7.8,Partially cloudy,0.0,False,False
2024-09-16,50.2,168.8,0.0,0.0,0.0,219.0,0.0,0.0,0.0,0.0,0.0,0.0,0.0,0.0,0.0,0.0,0.0,0.0,0.0,0.0,60,19.2,13.4,"Rain, Partially cloudy",0.146,False,False
2024-09-17,65.9,172.7,0.0,0.0,0.0,238.6,0.0,0.0,0.0,1.0,0.0,0.0,1.0,0.0,0.0,0.0,0.0,0.0,2.0,2.6999999999999997,55,20.1,12.8,"Rain, Partially cloudy",0.078,False,False
2024-09-18,50.7,52.2,0.0,0.0,0.0,102.9,0.0,0.0,0.0,0.0,0.0,0.0,0.0,0.0,0.0,0.0,0.0,0.0,0.0,0.0,29,21.1,14.4,Partially cloudy,0.0,False,False
2024-09-19,71.5,51.7,0.0,0.0,0.0,123.2,0.0,0.0,0.0,0.0,0.0,0.0,0.0,0.0,0.0,0.0,0.0,0.0,0.0,0.0,27,23.3,15.3,Rain,0.074,False,False
2024-09-20,35.7,181.6,0.0,0.0,0.0,217.3,0.0,0.0,0.0,0.0,0.0,0.0,0.0,0.0,0.0,0.0,0.0,0.0,0.0,0.0,41,22.2,14.4,Clear,0.0,False,False
2024-09-21,47.2,70.9,0.0,0.0,0.0,118.1,0.0,0.0,0.0,0.0,0.0,0.0,0.0,0.0,0.0,0.0,0.0,0.0,0.0,0.0,25,24.8,13.0,Partially cloudy,0.0,False,False
2024-09-22,40.7,82.0,0.0,0.0,0.0,122.7,0.0,0.0,0.0,0.0,0.0,0.0,0.0,0.0,0.0,0.0,0.0,0.0,0.0,0.0,34,22.7,16.4,"Rain, Partially cloudy",1.654,False,False
2024-09-23,74.2,66.5,0.0,0.0,0.0,140.7,0.0,0.0,0.0,0.0,0.0,0.0,0.0,0.0,0.0,0.0,0.0,0.0,0.0,0.0,34,19.1,13.5,"Rain, Partially cloudy",1.982,False,False
2024-09-24,42.5,25.5,0.0,0.0,0.0,68.0,0.0,0.0,0.0,0.0,0.0,0.0,0.0,0.0,0.0,0.0,0.0,0.0,0.0,0.0,18,17.1,12.6,"Rain, Partially cloudy",0.461,False,False
2024-09-25,34.9,135.2,0.0,0.0,0.0,170.1,0.0,0.0,0.0,0.0,0.0,0.0,0.0,0.0,0.0,0.0,0.0,0.0,0.0,0.0,40,17.3,13.1,"Rain, Overcast",2.579,False,False
2024-09-26,119.0,68.0,0.0,0.0,0.0,187.0,0.0,0.0,0.0,0.0,0.0,0.0,0.0,0.0,0.0,0.0,0.0,0.0,0.0,0.0,46,19.7,14.2,"Rain, Partially cloudy",8.54,False,False
2024-09-27,57.0,75.5,0.0,0.0,0.0,132.5,0.0,0.0,0.0,0.0,0.0,0.0,0.0,0.0,0.0,0.0,0.0,0.0,0.0,0.0,37,14.0,10.9,"Rain, Partially cloudy",9.534,False,False
2024-09-28,65.1,139.2,0.0,0.0,0.0,204.3,0.0,0.0,0.0,0.0,0.0,0.0,0.0,0.0,0.0,0.0,0.0,0.0,0.0,0.0,55,14.2,7.6,"Rain, Partially cloudy",1.647,False,False
2024-09-29,39.7,160.6,0.0,0.0,0.0,200.3,0.0,0.0,0.0,0.0,0.0,0.0,0.0,0.0,0.0,0.0,0.0,0.0,0.0,0.0,54,14.7,4.5,"Rain, Partially cloudy",0.054,False,False
2024-09-30,65.0,55.0,0.0,0.0,0.0,120.0,0.0,0.0,0.0,0.0,0.0,0.0,0.0,0.0,0.0,0.0,0.0,0.0,0.0,0.0,32,16.4,10.9,"Rain, Overcast",3.337,False,False
2024-10-01,63.7,165.9,0.0,0.0,0.0,229.6,2521.0,599.5,226.89,0.0,0.0,0.0,0.0,0.0,0.0,0.0,0.0,0.0,0.0,0.0,59,15.6,11.5,"Rain, Overcast",2.113,False,False
2024-10-02,77.5,129.0,0.0,0.0,0.0,206.5,0.0,0.0,0.0,0.0,0.0,0.0,0.0,0.0,0.0,0.0,0.0,0.0,0.0,0.0,59,16.1,8.8,"Rain, Partially cloudy",0.59,False,False
2024-10-03,58.7,130.1,0.0,0.0,0.0,188.8,0.0,0.0,0.0,0.0,0.0,0.0,0.0,0.0,0.0,0.0,0.0,0.0,0.0,0.0,48,14.5,8.9,Partially cloudy,0.0,False,False
2024-10-04,50.0,38.2,0.0,0.0,0.0,88.2,0.0,0.0,0.0,0.0,0.0,0.0,0.0,0.0,0.0,0.0,0.0,0.0,0.0,0.0,18,15.0,5.7,Rain,0.054,False,False
2024-10-05,73.5,163.9,0.0,0.0,0.0,237.4,0.0,0.0,0.0,0.0,0.0,0.0,0.0,0.0,0.0,0.0,0.0,0.0,0.0,0.0,64,16.7,5.2,"Rain, Partially cloudy",0.027,False,False
2024-10-06,39.0,154.6,0.0,0.0,0.0,193.6,0.0,0.0,0.0,0.0,0.0,0.0,0.0,0.0,0.0,0.0,0.0,0.0,0.0,0.0,48,15.9,7.5,"Rain, Partially cloudy",0.101,False,False
2024-10-07,91.4,66.4,0.0,0.0,0.0,157.8,0.0,0.0,0.0,1.0,0.0,0.0,1.0,0.0,0.0,0.0,0.0,0.0,0.0,0.0,46,18.4,12.2,"Rain, Partially cloudy",0.482,False,False
2024-10-08,75.1,111.4,0.0,0.0,0.0,186.5,0.0,0.0,0.0,0.0,0.0,0.0,0.0,0.0,0.0,0.0,0.0,0.0,0.0,0.0,48,18.6,13.1,"Rain, Partially cloudy",0.11,False,False
2024-10-09,82.9,33.2,0.0,0.0,0.0,116.1,0.0,0.0,0.0,0.0,0.0,0.0,0.0,0.0,0.0,0.0,0.0,0.0,0.0,0.0,33,15.0,13.2,"Rain, Partially cloudy",4.105,False,False
2024-10-10,48.0,79.7,0.0,0.0,0.0,127.7,0.0,0.0,0.0,0.0,0.0,0.0,0.0,0.0,0.0,0.0,0.0,0.0,0.0,0.0,39,13.6,9.3,"Rain, Overcast",3.278,False,False
2024-10-11,95.7,101.3,0.0,0.0,0.0,197.0,0.0,0.0,0.0,0.0,0.0,0.0,0.0,0.0,0.0,0.0,0.0,0.0,0.0,0.0,58,12.9,6.0,"Rain, Partially cloudy",0.994,False,False
2024-10-12,66.4,148.2,0.0,0.0,0.0,214.6,0.0,0.0,0.0,0.0,0.0,0.0,0.0,0.0,0.0,0.0,0.0,0.0,0.0,0.0,56,12.2,4.9,"Rain, Partially cloudy",0.32,False,False
2024-10-13,63.6,137.0,0.0,0.0,0.0,200.6,0.0,0.0,0.0,0.0,0.0,0.0,0.0,0.0,0.0,0.0,0.0,0.0,0.0,0.0,62,12.1,8.0,"Rain, Partially cloudy",0.111,False,False
2024-10-14,105.9,104.0,0.0,0.0,0.0,209.9,0.0,0.0,0.0,0.0,0.0,0.0,0.0,0.0,0.0,0.0,0.0,0.0,0.0,0.0,64,10.1,7.3,"Rain, Overcast",5.535,False,False
2024-10-15,44.7,82.4,0.0,0.0,0.0,127.1,0.0,0.0,0.0,0.0,0.0,0.0,0.0,0.0,0.0,0.0,0.0,0.0,0.0,0.0,38,16.2,8.9,"Rain, Overcast",1.548,False,False
2024-10-16,51.9,77.0,0.0,0.0,0.0,128.9,0.0,0.0,0.0,0.0,0.0,0.0,0.0,0.0,0.0,0.0,0.0,0.0,0.0,0.0,33,23.0,13.3,Partially cloudy,0.0,False,False
2024-10-17,137.7,89.2,0.0,0.0,0.0,226.9,0.0,0.0,0.0,0.0,0.0,0.0,0.0,0.0,0.0,0.0,0.0,0.0,0.0,0.0,58,18.8,14.4,"Rain, Overcast",1.779,False,False
2024-10-18,76.7,33.7,0.0,0.0,0.0,110.4,0.0,0.0,0.0,0.0,0.0,0.0,0.0,0.0,0.0,0.0,0.0,0.0,0.0,0.0,32,16.6,13.4,"Rain, Overcast",1.888,False,False
2024-10-19,87.5,166.9,0.0,0.0,0.0,254.4,0.0,0.0,0.0,0.0,0.0,0.0,0.0,0.0,0.0,0.0,0.0,0.0,0.0,0.0,62,15.4,12.2,"Rain, Overcast",1.361,False,False
2024-10-20,81.6,148.1,0.0,0.0,0.0,229.7,0.0,0.0,0.0,0.0,0.0,0.0,0.0,0.0,0.0,0.0,0.0,0.0,0.0,0.0,67,17.5,11.5,"Rain, Overcast",0.616,False,False
2024-10-21,66.9,124.2,0.0,0.0,0.0,191.1,0.0,0.0,0.0,0.0,0.0,0.0,0.0,0.0,0.0,0.0,0.0,0.0,0.0,0.0,61,14.7,11.9,"Rain, Overcast",8.699,False,False
2024-10-22,65.4,106.9,0.0,0.0,0.0,172.3,0.0,0.0,0.0,0.0,0.0,0.0,0.0,0.0,0.0,0.0,0.0,0.0,0.0,0.0,49,16.3,8.2,"Rain, Partially cloudy",3.577,False,False
2024-10-23,86.3,148.4,0.0,0.0,0.0,234.7,0.0,0.0,0.0,0.0,0.0,0.0,0.0,0.0,0.0,0.0,0.0,0.0,0.0,0.0,64,16.8,9.3,"Rain, Partially cloudy",0.081,False,False
2024-10-24,26.0,118.7,0.0,0.0,0.0,144.7,0.0,0.0,0.0,0.0,0.0,0.0,0.0,0.0,0.0,0.0,0.0,0.0,0.0,0.0,36,16.2,6.1,Rain,0.146,False,False
2024-10-25,64.1,92.5,0.0,0.0,-5.0,156.6,0.0,0.0,0.0,1.0,0.0,0.0,1.0,0.0,0.0,0.0,0.0,0.0,0.0,0.0,46,20.1,10.6,"Rain, Partially cloudy",0.081,False,False
2024-10-26,30.5,100.4,0.0,0.0,0.0,130.9,0.0,0.0,0.0,0.0,0.0,0.0,0.0,0.0,0.0,0.0,0.0,0.0,0.0,0.0,37,18.1,12.2,"Rain, Partially cloudy",2.46,False,False
2024-10-27,53.6,182.9,0.0,0.0,0.0,236.5,0.0,0.0,0.0,0.0,0.0,0.0,0.0,0.0,0.0,0.0,0.0,0.0,0.0,0.0,63,15.9,9.1,"Rain, Partially cloudy",0.806,False,False
2024-10-28,37.0,130.7,0.0,0.0,0.0,167.7,0.0,0.0,0.0,0.0,0.0,0.0,0.0,0.0,0.0,0.0,0.0,0.0,0.0,0.0,46,15.5,9.0,"Rain, Partially cloudy",0.027,False,False
2024-10-29,56.6,103.5,0.0,0.0,0.0,160.1,0.0,0.0,0.0,1.0,1.0,0.0,0.0,0.0,1.0,0.0,0.0,0.0,0.0,0.0,43,13.7,12.5,"Rain, Overcast",0.379,False,False
2024-10-30,40.0,101.7,0.0,0.0,-4.5,141.7,0.0,0.0,0.0,0.0,0.0,0.0,0.0,0.0,0.0,0.0,0.0,0.0,0.0,0.0,34,14.8,12.5,"Rain, Overcast",0.893,False,False
2024-10-31,170.0,75.2,0.0,0.0,0.0,245.2,0.0,0.0,0.0,0.0,0.0,0.0,0.0,0.0,0.0,0.0,0.0,0.0,1.0,24.5,62,16.4,10.1,Partially cloudy,0.0,False,False
2024-11-01,124.2,107.8,0.0,0.0,0.0,232.0,4496.0,1170.43,404.64,0.0,0.0,0.0,0.0,0.0,0.0,0.0,0.0,0.0,0.0,0.0,68,11.7,9.2,"Rain, Overcast",0.006,True,False
2024-11-02,66.4,241.9,0.0,0.0,0.0,308.3,0.0,0.0,0.0,0.0,0.0,0.0,0.0,0.0,0.0,0.0,0.0,0.0,0.0,0.0,90,12.8,11.0,"Rain, Overcast",0.065,False,False
2024-11-03,80.8,154.7,0.0,0.0,0.0,235.5,0.0,0.0,0.0,0.0,0.0,0.0,0.0,0.0,0.0,0.0,0.0,0.0,0.0,0.0,68,11.2,9.8,Overcast,0.0,False,False
2024-11-04,61.3,19.0,0.0,0.0,0.0,80.3,0.0,0.0,0.0,0.0,0.0,0.0,0.0,0.0,0.0,0.0,0.0,0.0,0.0,0.0,24,9.9,6.4,Overcast,0.0,False,False
2024-11-05,56.4,100.5,0.0,0.0,0.0,156.9,0.0,0.0,0.0,0.0,0.0,0.0,0.0,0.0,0.0,0.0,0.0,0.0,0.0,0.0,41,8.8,6.2,"Rain, Overcast",0.054,False,False
2024-11-06,47.2,79.0,0.0,0.0,0.0,126.2,0.0,0.0,0.0,0.0,0.0,0.0,0.0,0.0,0.0,0.0,0.0,0.0,0.0,0.0,32,12.3,9.1,"Rain, Overcast",0.114,False,False
2024-11-07,77.2,68.4,0.0,0.0,-2.5,145.6,0.0,0.0,0.0,0.0,0.0,0.0,0.0,0.0,0.0,0.0,0.0,0.0,0.0,0.0,45,10.2,7.0,Overcast,0.0,False,False
2024-11-08,91.9,103.6,0.0,0.0,0.0,195.5,0.0,0.0,0.0,0.0,0.0,0.0,0.0,0.0,0.0,0.0,0.0,0.0,0.0,0.0,53,6.9,5.8,"Rain, Overcast",0.064,False,False
2024-11-09,43.7,172.2,0.0,0.0,0.0,215.9,0.0,0.0,0.0,0.0,0.0,0.0,0.0,0.0,0.0,0.0,0.0,0.0,0.0,0.0,56,8.3,6.3,"Rain, Overcast",0.102,False,False
2024-11-10,33.0,128.5,0.0,0.0,0.0,161.5,0.0,0.0,0.0,0.0,0.0,0.0,0.0,0.0,0.0,0.0,0.0,0.0,0.0,0.0,45,10.2,8.3,"Rain, Overcast",0.043,False,False
2024-11-11,50.7,169.2,0.0,0.0,0.0,219.9,0.0,0.0,0.0,0.0,0.0,0.0,0.0,0.0,0.0,0.0,0.0,0.0,0.0,0.0,64,12.7,9.5,"Rain, Partially cloudy",0.446,True,False
2024-11-12,31.0,79.9,0.0,0.0,0.0,110.9,0.0,0.0,0.0,0.0,0.0,0.0,0.0,0.0,0.0,0.0,0.0,0.0,0.0,0.0,32,10.6,7.0,"Rain, Partially cloudy",2.249,False,False
2024-11-13,40.7,121.9,0.0,0.0,-7.5,162.6,0.0,0.0,0.0,0.0,0.0,0.0,0.0,0.0,0.0,0.0,0.0,0.0,0.0,0.0,47,11.9,5.4,"Rain, Partially cloudy",0.102,False,False
2024-11-14,55.9,92.0,0.0,0.0,0.0,147.9,0.0,0.0,0.0,0.0,0.0,0.0,0.0,0.0,0.0,0.0,0.0,0.0,0.0,0.0,43,12.2,9.0,"Rain, Overcast",0.435,False,False
2024-11-15,132.4,106.5,0.0,0.0,0.0,238.9,0.0,0.0,0.0,0.0,0.0,0.0,0.0,0.0,0.0,0.0,0.0,0.0,0.0,0.0,62,10.7,8.4,"Rain, Overcast",0.239,False,False
2024-11-16,71.7,79.7,0.0,0.0,0.0,151.4,0.0,0.0,0.0,0.0,0.0,0.0,0.0,0.0,0.0,0.0,0.0,0.0,0.0,0.0,50,9.8,7.3,"Rain, Overcast",0.027,False,False
2024-11-17,93.2,65.0,0.0,0.0,0.0,158.2,0.0,0.0,0.0,0.0,0.0,0.0,0.0,0.0,0.0,0.0,0.0,0.0,0.0,0.0,48,9.9,7.6,"Rain, Overcast",1.209,False,False
2024-11-18,60.9,39.7,0.0,0.0,0.0,100.6,0.0,0.0,0.0,0.0,0.0,0.0,0.0,0.0,0.0,0.0,0.0,0.0,0.0,0.0,32,9.2,7.0,"Rain, Partially cloudy",5.2,False,False
2024-11-19,51.4,30.5,0.0,0.0,0.0,81.9,0.0,0.0,0.0,0.0,0.0,0.0,0.0,0.0,0.0,0.0,0.0,0.0,0.0,0.0,22,12.4,5.2,"Rain, Overcast",21.5,False,False
2024-11-20,56.8,73.7,0.0,0.0,0.0,130.5,0.0,0.0,0.0,0.0,0.0,0.0,0.0,0.0,0.0,0.0,0.0,0.0,0.0,0.0,37,5.9,2.9,"Rain, Partially cloudy",0.3,False,False
2024-11-21,73.4,51.5,0.0,0.0,0.0,124.9,0.0,0.0,0.0,1.0,0.0,0.0,1.0,0.0,0.0,0.0,0.0,0.0,0.0,0.0,34,3.1,0.5,"Snow, Rain, Partially cloudy",0.271,False,False
2024-11-22,75.7,36.7,0.0,0.0,0.0,112.4,0.0,0.0,0.0,0.0,0.0,0.0,0.0,0.0,0.0,0.0,0.0,0.0,0.0,0.0,34,7.0,1.5,"Rain, Partially cloudy",0.056,False,False
2024-11-23,68.0,73.2,0.0,0.0,0.0,141.2,0.0,0.0,0.0,0.0,0.0,0.0,0.0,0.0,0.0,0.0,0.0,0.0,0.0,0.0,42,10.0,1.1,"Rain, Partially cloudy",1.13,False,False
2024-11-24,50.2,105.9,0.0,0.0,0.0,156.1,0.0,0.0,0.0,0.0,0.0,0.0,0.0,0.0,0.0,0.0,0.0,0.0,0.0,0.0,46,17.4,9.8,"Rain, Partially cloudy",0.844,False,False
2024-11-25,67.3,67.0,0.0,0.0,0.0,134.3,0.0,0.0,0.0,0.0,0.0,0.0,0.0,0.0,0.0,0.0,0.0,0.0,0.0,0.0,36,16.7,7.8,"Rain, Partially cloudy",4.42,False,False
2024-11-26,65.0,56.7,0.0,0.0,0.0,121.7,0.0,0.0,0.0,0.0,0.0,0.0,0.0,0.0,0.0,0.0,0.0,0.0,0.0,0.0,36,9.0,6.6,"Rain, Partially cloudy",2.929,False,False
2024-11-27,74.0,91.5,0.0,0.0,0.0,165.5,0.0,0.0,0.0,0.0,0.0,0.0,0.0,0.0,0.0,0.0,0.0,0.0,0.0,0.0,44,12.1,7.1,"Rain, Overcast",4.067,False,False
2024-11-28,40.9,90.0,0.0,0.0,0.0,130.9,0.0,0.0,0.0,0.0,0.0,0.0,0.0,0.0,0.0,0.0,0.0,0.0,0.0,0.0,38,9.5,1.8,"Rain, Partially cloudy",1.256,False,False
2024-11-29,67.2,140.4,0.0,0.0,0.0,207.6,0.0,0.0,0.0,0.0,0.0,0.0,0.0,0.0,0.0,0.0,0.0,0.0,0.0,0.0,53,7.8,0.3,"Rain, Partially cloudy",0.18,False,False
2024-11-30,95.7,170.4,0.0,0.0,0.0,266.1,0.0,0.0,0.0,0.0,0.0,0.0,0.0,0.0,0.0,0.0,0.0,0.0,0.0,0.0,76,6.5,2.5,Partially cloudy,0.0,False,False
2024-12-01,117.9,72.0,0.0,0.0,0.0,189.9,3212.0,917.38,289.08,0.0,0.0,0.0,0.0,0.0,0.0,0.0,0.0,0.0,0.0,0.0,57,8.5,1.4,"Rain, Overcast",0.084,False,False
2024-12-01,117.9,72.0,0.0,0.0,0.0,189.9,2912.0,1037.3,262.08,0.0,0.0,0.0,0.0,0.0,0.0,0.0,0.0,0.0,0.0,0.0,57,8.5,1.4,"Rain, Overcast",0.084,False,False
2024-12-02,48.5,31.5,0.0,0.0,0.0,80.0,0.0,0.0,0.0,0.0,0.0,0.0,0.0,0.0,0.0,0.0,0.0,0.0,0.0,0.0,22,11.6,8.2,"Rain, Partially cloudy",0.794,False,False
2024-12-03,77.3,58.4,0.0,0.0,0.0,135.7,0.0,0.0,0.0,0.0,0.0,0.0,0.0,0.0,0.0,0.0,0.0,0.0,0.0,0.0,36,8.5,3.6,"Rain, Partially cloudy",3.318,False,False
2024-12-04,28.7,87.0,0.0,0.0,0.0,115.7,0.0,0.0,0.0,0.0,0.0,0.0,0.0,0.0,0.0,0.0,0.0,0.0,0.0,0.0,31,7.8,1.6,"Rain, Partially cloudy",0.033,False,False
2024-12-05,77.9,55.5,0.0,0.0,0.0,133.4,0.0,0.0,0.0,0.0,0.0,0.0,0.0,0.0,0.0,0.0,0.0,0.0,0.0,0.0,40,12.2,5.9,"Rain, Overcast",5.065,False,False
2024-12-06,52.7,108.4,0.0,0.0,0.0,161.1,0.0,0.0,0.0,0.0,0.0,0.0,0.0,0.0,0.0,0.0,0.0,0.0,0.0,0.0,44,12.0,6.4,"Rain, Partially cloudy",3.318,False,False
2024-12-07,88.9,118.8,0.0,0.0,0.0,207.7,0.0,0.0,0.0,0.0,0.0,0.0,0.0,0.0,0.0,0.0,0.0,0.0,0.0,0.0,60,10.5,7.3,"Rain, Overcast",5.875,False,False
2024-12-08,66.5,57.0,0.0,0.0,0.0,123.5,0.0,0.0,0.0,0.0,0.0,0.0,0.0,0.0,0.0,0.0,0.0,0.0,0.0,0.0,36,8.8,6.8,"Rain, Overcast",5.168,False,False
2024-12-09,10.0,77.5,0.0,0.0,0.0,87.5,0.0,0.0,0.0,0.0,0.0,0.0,0.0,0.0,0.0,0.0,0.0,0.0,0.0,0.0,24,7.4,6.1,"Rain, Overcast",0.328,False,False
2024-12-10,54.7,95.7,0.0,0.0,0.0,150.4,0.0,0.0,0.0,0.0,0.0,0.0,0.0,0.0,0.0,0.0,0.0,0.0,0.0,0.0,40,6.1,4.7,"Rain, Overcast",0.116,False,False
2024-12-11,14.5,71.5,0.0,0.0,0.0,86.0,0.0,0.0,0.0,0.0,0.0,0.0,0.0,0.0,0.0,0.0,0.0,0.0,0.0,0.0,26,4.9,3.2,Overcast,0.0,False,False
2024-12-12,57.0,112.4,0.0,0.0,0.0,169.4,0.0,0.0,0.0,0.0,0.0,0.0,0.0,0.0,0.0,0.0,0.0,0.0,0.0,0.0,45,3.8,2.4,Overcast,0.0,False,False
2024-12-13,90.4,115.2,0.0,0.0,0.0,205.6,0.0,0.0,0.0,1.0,0.0,0.0,1.0,0.0,0.0,0.0,0.0,0.0,0.0,0.0,52,2.9,1.3,"Rain, Overcast",0.006,False,False
2024-12-14,51.0,121.7,0.0,0.0,0.0,172.7,0.0,0.0,0.0,0.0,0.0,0.0,0.0,0.0,0.0,0.0,0.0,0.0,0.0,0.0,47,6.5,2.0,"Rain, Overcast",0.081,False,False
2024-12-15,105.8,141.4,0.0,0.0,0.0,247.2,0.0,0.0,0.0,0.0,0.0,0.0,0.0,0.0,0.0,0.0,0.0,0.0,0.0,0.0,78,11.2,3.9,"Rain, Partially cloudy",0.489,False,False
2024-12-16,68.6,84.5,0.0,0.0,0.0,153.1,0.0,0.0,0.0,0.0,0.0,0.0,0.0,0.0,0.0,0.0,0.0,0.0,0.0,0.0,52,11.5,8.8,"Rain, Overcast",0.419,False,False
2024-12-17,45.9,61.3,0.0,0.0,0.0,107.2,0.0,0.0,0.0,0.0,0.0,0.0,0.0,0.0,0.0,0.0,0.0,0.0,0.0,0.0,37,8.8,6.9,"Rain, Partially cloudy",0.054,False,False
2024-12-18,85.3,51.5,0.0,0.0,0.0,136.8,0.0,0.0,0.0,0.0,0.0,0.0,0.0,0.0,0.0,0.0,0.0,0.0,0.0,0.0,39,13.5,6.9,"Rain, Overcast",0.195,False,False
2024-12-19,47.0,65.2,0.0,0.0,0.0,112.2,0.0,0.0,0.0,0.0,0.0,0.0,0.0,0.0,0.0,0.0,0.0,0.0,0.0,0.0,32,13.3,5.6,"Rain, Partially cloudy",2.315,False,False
2024-12-20,51.8,59.0,0.0,0.0,0.0,110.8,0.0,0.0,0.0,0.0,0.0,0.0,0.0,0.0,0.0,0.0,0.0,0.0,0.0,0.0,38,7.7,3.7,"Rain, Partially cloudy",1.059,False,False
2024-12-21,40.0,112.7,0.0,0.0,0.0,152.7,0.0,0.0,0.0,0.0,0.0,0.0,0.0,0.0,0.0,0.0,0.0,0.0,0.0,0.0,37,11.3,6.9,"Rain, Overcast",1.567,False,False
2024-12-22,67.7,53.2,0.0,0.0,0.0,120.9,0.0,0.0,0.0,0.0,0.0,0.0,0.0,0.0,0.0,0.0,0.0,0.0,0.0,0.0,36,9.9,5.6,"Rain, Partially cloudy",1.254,False,False
2024-12-23,59.7,152.1,0.0,0.0,0.0,211.8,0.0,0.0,0.0,0.0,0.0,0.0,0.0,0.0,0.0,0.0,0.0,0.0,0.0,0.0,59,7.7,5.6,"Rain, Overcast",0.402,False,False
2024-12-24,53.0,71.9,0.0,0.0,0.0,124.9,0.0,0.0,0.0,0.0,0.0,0.0,0.0,0.0,0.0,0.0,0.0,0.0,0.0,0.0,36,9.5,4.7,"Rain, Overcast",0.07,False,False
2024-12-25,53.2,97.1,0.0,0.0,0.0,150.3,0.0,0.0,0.0,0.0,0.0,0.0,0.0,0.0,0.0,0.0,0.0,0.0,0.0,0.0,42,9.8,8.8,"Rain, Overcast",0.28,True,False
2024-12-26,105.2,91.0,0.0,0.0,0.0,196.2,0.0,0.0,0.0,0.0,0.0,0.0,0.0,0.0,0.0,0.0,0.0,0.0,0.0,0.0,53,8.7,4.6,"Rain, Overcast",0.017,False,False
2024-12-27,130.8,115.9,0.0,0.0,0.0,246.7,0.0,0.0,0.0,0.0,0.0,0.0,0.0,0.0,0.0,0.0,0.0,0.0,0.0,0.0,72,4.4,-0.1,Overcast,0.0,False,False
2024-12-28,50.8,121.2,0.0,0.0,0.0,172.0,0.0,0.0,0.0,0.0,0.0,0.0,0.0,0.0,0.0,0.0,0.0,0.0,0.0,0.0,53,2.2,-2.2,"Snow, Rain, Overcast",0.087,False,False
2024-12-29,62.5,215.2,0.0,0.0,0.0,277.7,0.0,0.0,0.0,2.0,2.0,0.0,0.0,0.0,0.0,2.0,0.0,0.0,0.0,0.0,82,5.3,0.9,"Rain, Overcast",0.043,False,False
2024-12-30,65.5,99.7,0.0,0.0,0.0,165.2,0.0,0.0,0.0,0.0,0.0,0.0,0.0,0.0,0.0,0.0,0.0,0.0,0.0,0.0,48,7.8,4.3,"Rain, Overcast",0.231,False,False
2024-12-31,38.2,47.5,0.0,0.0,0.0,85.7,0.0,0.0,0.0,0.0,0.0,0.0,0.0,0.0,0.0,0.0,0.0,0.0,0.0,0.0,27,8.1,2.4,"Rain, Overcast",0.037,False,False
2025-01-01,20.9,25.0,0.0,0.0,0.0,45.9,3241.0,1132.79,291.69,0.0,0.0,0.0,0.0,0.0,0.0,0.0,0.0,0.0,0.0,0.0,16,10.9,4.9,"Rain, Overcast",11.158,True,False
2025-01-02,103.4,156.9,0.0,0.0,0.0,260.3,0.0,0.0,0.0,1.0,0.0,0.0,1.0,0.0,0.0,0.0,0.0,0.0,0.0,0.0,70,6.1,0.9,"Rain, Partially cloudy",4.493,False,False
2025-01-03,74.1,104.2,0.0,0.0,0.0,178.3,0.0,0.0,0.0,0.0,0.0,0.0,0.0,0.0,0.0,0.0,0.0,0.0,0.0,0.0,49,4.7,-0.4,"Snow, Rain, Partially cloudy",0.319,False,False
2025-01-04,86.5,177.2,0.0,0.0,0.0,263.7,0.0,0.0,0.0,0.0,0.0,0.0,0.0,0.0,0.0,0.0,0.0,0.0,0.0,0.0,74,2.3,-0.4,"Rain, Overcast",0.031,False,False
2025-01-05,58.5,132.6,0.0,0.0,0.0,191.1,0.0,0.0,0.0,0.0,0.0,0.0,0.0,0.0,0.0,0.0,0.0,0.0,0.0,0.0,67,11.9,0.3,"Snow, Rain, Overcast",13.904,False,False
2025-01-06,57.9,99.2,0.0,0.0,0.0,157.1,0.0,0.0,0.0,0.0,0.0,0.0,0.0,0.0,0.0,0.0,0.0,0.0,0.0,0.0,39,11.8,4.1,"Rain, Overcast",1.714,False,False
2025-01-07,28.9,124.2,0.0,0.0,0.0,153.1,0.0,0.0,0.0,0.0,0.0,0.0,0.0,0.0,0.0,0.0,0.0,0.0,0.0,0.0,43,4.8,1.5,"Snow, Rain, Partially cloudy",5.511,False,False
2025-01-08,12.0,91.7,0.0,0.0,0.0,103.7,0.0,0.0,0.0,0.0,0.0,0.0,0.0,0.0,0.0,0.0,0.0,0.0,0.0,0.0,27,2.9,0.3,"Snow, Rain, Partially cloudy",2.399,False,False
2025-01-09,65.7,72.9,0.0,0.0,0.0,138.6,0.0,0.0,0.0,0.0,0.0,0.0,0.0,0.0,0.0,0.0,0.0,0.0,0.0,0.0,43,3.1,0.5,"Snow, Rain, Partially cloudy",1.146,False,False
2025-01-10,73.2,97.4,0.0,0.0,0.0,170.6,0.0,0.0,0.0,0.0,0.0,0.0,0.0,0.0,0.0,0.0,0.0,0.0,0.0,0.0,46,2.9,-2.8,"Snow, Rain, Partially cloudy",0.078,False,False
2025-01-11,15.0,112.0,0.0,0.0,-20.0,127.0,0.0,0.0,0.0,2.0,2.0,0.0,0.0,0.0,0.0,2.0,0.0,0.0,0.0,0.0,44,3.1,-2.5,"Snow, Rain, Partially cloudy",0.201,False,False
2025-01-12,59.7,115.9,0.0,0.0,0.0,175.6,0.0,0.0,0.0,0.0,0.0,0.0,0.0,0.0,0.0,0.0,0.0,0.0,0.0,0.0,48,4.2,1.0,"Snow, Rain, Overcast",0.244,False,False
2025-01-13,43.0,26.5,0.0,0.0,0.0,69.5,0.0,0.0,0.0,0.0,0.0,0.0,0.0,0.0,0.0,0.0,0.0,0.0,0.0,0.0,22,3.5,-2.3,"Snow, Rain, Partially cloudy",0.088,False,False
2025-01-14,26.0,95.8,0.0,0.0,-2.0,121.8,0.0,0.0,0.0,1.0,0.0,0.0,1.0,0.0,0.0,0.0,0.0,0.0,1.0,8.8,50,4.1,-3.1,"Rain, Partially cloudy",0.057,False,False
2025-01-15,56.4,89.8,0.0,0.0,0.0,146.2,0.0,0.0,0.0,0.0,0.0,0.0,0.0,0.0,0.0,0.0,0.0,0.0,0.0,0.0,44,8.1,4.3,"Rain, Overcast",0.083,False,False
2025-01-16,71.7,74.0,0.0,0.0,0.0,145.7,0.0,0.0,0.0,0.0,0.0,0.0,0.0,0.0,0.0,0.0,0.0,0.0,0.0,0.0,42,6.1,1.6,"Rain, Overcast",0.011,False,False
2025-01-17,19.5,64.5,0.0,0.0,0.0,84.0,0.0,0.0,0.0,0.0,0.0,0.0,0.0,0.0,0.0,0.0,0.0,0.0,0.0,0.0,19,2.8,0.5,Overcast,0.0,False,False
2025-01-18,146.1,164.3,0.0,0.0,0.0,310.4,0.0,0.0,0.0,0.0,0.0,0.0,0.0,0.0,0.0,0.0,0.0,0.0,0.0,0.0,88,0.7,-1.0,"Snow, Rain, Overcast",0.011,False,False
2025-01-19,77.4,37.7,0.0,0.0,0.0,115.1,0.0,0.0,0.0,0.0,0.0,0.0,0.0,0.0,0.0,0.0,0.0,0.0,0.0,0.0,37,0.7,0.0,Overcast,0.0,False,False
2025-01-20,127.2,156.7,0.0,0.0,0.0,283.9,0.0,0.0,0.0,0.0,0.0,0.0,0.0,0.0,0.0,0.0,0.0,0.0,0.0,0.0,79,2.3,-0.2,Overcast,0.0,False,False
2025-01-21,83.0,52.4,0.0,0.0,0.0,135.4,0.0,0.0,0.0,0.0,0.0,0.0,0.0,0.0,0.0,0.0,0.0,0.0,0.0,0.0,40,0.6,-2.0,Partially cloudy,0.0,False,False
2025-01-22,29.0,63.2,0.0,0.0,0.0,92.2,0.0,0.0,0.0,0.0,0.0,0.0,0.0,0.0,0.0,0.0,0.0,0.0,0.0,0.0,28,4.3,-0.1,"Snow, Rain, Partially cloudy",7.411,False,False
2025-01-23,42.5,81.9,0.0,0.0,0.0,124.4,0.0,0.0,0.0,0.0,0.0,0.0,0.0,0.0,0.0,0.0,0.0,0.0,0.0,0.0,39,7.1,2.9,"Rain, Partially cloudy",0.265,False,False
2025-01-24,51.7,54.7,0.0,0.0,0.0,106.4,0.0,0.0,0.0,0.0,0.0,0.0,0.0,0.0,0.0,0.0,0.0,0.0,0.0,0.0,29,9.9,5.8,"Rain, Overcast",2.632,False,False
2025-01-25,69.8,163.1,0.0,0.0,0.0,232.9,0.0,0.0,0.0,0.0,0.0,0.0,0.0,0.0,0.0,0.0,0.0,0.0,0.0,0.0,63,7.0,3.9,"Rain, Overcast",6.476,False,False
2025-01-26,61.0,114.2,0.0,0.0,0.0,175.2,0.0,0.0,0.0,0.0,0.0,0.0,0.0,0.0,0.0,0.0,0.0,0.0,0.0,0.0,54,8.6,1.2,"Rain, Partially cloudy",2.348,False,False
2025-01-27,45.5,70.0,0.0,0.0,0.0,115.5,0.0,0.0,0.0,0.0,0.0,0.0,0.0,0.0,0.0,0.0,0.0,0.0,0.0,0.0,32,10.6,7.4,"Rain, Partially cloudy",3.421,False,False
2025-01-28,24.5,82.5,0.0,0.0,0.0,107.0,0.0,0.0,0.0,0.0,0.0,0.0,0.0,0.0,0.0,0.0,0.0,0.0,0.0,0.0,32,9.6,6.9,"Rain, Partially cloudy",4.771,False,False
2025-01-29,31.9,43.0,0.0,0.0,0.0,74.9,0.0,0.0,0.0,0.0,0.0,0.0,0.0,0.0,0.0,0.0,0.0,0.0,0.0,0.0,26,8.7,5.7,"Rain, Overcast",2.654,False,False
2025-01-30,82.4,91.5,0.0,0.0,0.0,173.9,0.0,0.0,0.0,0.0,0.0,0.0,0.0,0.0,0.0,0.0,0.0,0.0,0.0,0.0,48,7.6,2.4,"Rain, Partially cloudy",10.431,False,False
2025-01-31,43.2,93.3,0.0,0.0,0.0,136.5,0.0,0.0,0.0,0.0,0.0,0.0,0.0,0.0,0.0,0.0,0.0,0.0,0.0,0.0,43,6.7,1.9,"Rain, Partially cloudy",0.043,False,False
2025-02-01,49.7,97.9,0.0,0.0,-4.5,147.6,2940.0,1089.0,264.59999999999997,0.0,0.0,0.0,0.0,0.0,0.0,0.0,0.0,0.0,0.0,0.0,42,6.7,-0.8,Rain,0.057,False,False
2025-02-02,23.5,129.4,0.0,0.0,0.0,152.9,0.0,0.0,0.0,0.0,0.0,0.0,0.0,0.0,0.0,0.0,0.0,0.0,0.0,0.0,48,5.9,-2.1,"Snow, Rain",0.137,False,False
2025-02-03,73.1,97.0,0.0,0.0,0.0,170.1,0.0,0.0,0.0,0.0,0.0,0.0,0.0,0.0,0.0,0.0,0.0,0.0,0.0,0.0,47,4.2,-1.5,"Snow, Rain, Partially cloudy",0.144,False,False
2025-02-04,24.0,71.6,0.0,0.0,0.0,95.6,0.0,0.0,0.0,0.0,0.0,0.0,0.0,0.0,0.0,0.0,0.0,0.0,0.0,0.0,30,3.4,1.3,Overcast,0.0,False,False
2025-02-05,37.5,56.9,0.0,0.0,0.0,94.4,0.0,0.0,0.0,0.0,0.0,0.0,0.0,0.0,0.0,0.0,0.0,0.0,0.0,0.0,27,9.2,2.4,"Rain, Partially cloudy",0.01,False,False
2025-02-06,50.0,44.0,0.0,0.0,0.0,94.0,0.0,0.0,0.0,0.0,0.0,0.0,0.0,0.0,0.0,0.0,0.0,0.0,0.0,0.0,31,6.1,2.4,"Rain, Overcast",0.01,False,False
2025-02-07,52.7,91.4,0.0,0.0,0.0,144.1,0.0,0.0,0.0,0.0,0.0,0.0,0.0,0.0,0.0,0.0,0.0,0.0,0.0,0.0,40,4.6,2.7,"Rain, Overcast",0.01,False,False
2025-02-08,93.5,108.4,0.0,0.0,0.0,201.9,0.0,0.0,0.0,0.0,0.0,0.0,0.0,0.0,0.0,0.0,0.0,0.0,0.0,0.0,59,7.7,2.8,"Rain, Overcast",0.471,False,False
2025-02-09,31.0,100.7,0.0,0.0,0.0,131.7,0.0,0.0,0.0,0.0,0.0,0.0,0.0,0.0,0.0,0.0,0.0,0.0,0.0,0.0,37,6.7,3.8,"Rain, Overcast",2.692,False,False
2025-02-10,33.5,76.6,0.0,0.0,0.0,110.1,0.0,0.0,0.0,0.0,0.0,0.0,0.0,0.0,0.0,0.0,0.0,0.0,0.0,0.0,34,3.7,1.7,"Snow, Rain, Partially cloudy",2.973,False,False
2025-02-11,134.8,112.5,0.0,0.0,0.0,247.3,0.0,0.0,0.0,0.0,0.0,0.0,0.0,0.0,0.0,0.0,0.0,0.0,0.0,0.0,68,5.0,2.7,"Rain, Overcast",1.178,False,False
2025-02-12,19.0,75.2,0.0,0.0,0.0,94.2,0.0,0.0,0.0,0.0,0.0,0.0,0.0,0.0,0.0,0.0,0.0,0.0,0.0,0.0,23,5.5,3.3,"Rain, Overcast",0.359,False,False
2025-02-13,51.0,73.5,0.0,0.0,0.0,124.5,0.0,0.0,0.0,0.0,0.0,0.0,0.0,0.0,0.0,0.0,0.0,0.0,0.0,0.0,38,4.0,0.7,"Rain, Overcast",0.267,False,False
2025-02-14,99.7,32.0,0.0,0.0,0.0,131.7,0.0,0.0,0.0,0.0,0.0,0.0,0.0,0.0,0.0,0.0,0.0,0.0,0.0,0.0,32,3.5,-2.2,"Rain, Partially cloudy",0.036,False,False
2025-02-15,105.1,131.5,0.0,0.0,0.0,236.6,0.0,0.0,0.0,0.0,0.0,0.0,0.0,0.0,0.0,0.0,0.0,0.0,0.0,0.0,68,2.7,-2.1,"Snow, Rain, Partially cloudy",0.098,False,False
2025-02-16,133.4,77.0,0.0,0.0,0.0,210.4,0.0,0.0,0.0,0.0,0.0,0.0,0.0,0.0,0.0,0.0,0.0,0.0,0.0,0.0,65,3.0,-1.5,"Snow, Rain, Partially cloudy",0.091,False,False
2025-02-17,66.6,154.0,0.0,0.0,0.0,220.6,0.0,0.0,0.0,0.0,0.0,0.0,0.0,0.0,0.0,0.0,0.0,0.0,0.0,0.0,58,3.9,-2.9,Partially cloudy,0.0,False,False
2025-02-18,44.5,57.0,0.0,0.0,0.0,101.5,0.0,0.0,0.0,1.0,0.0,0.0,1.0,0.0,0.0,0.0,0.0,0.0,0.0,0.0,28,5.0,-2.2,"Rain, Partially cloudy",0.036,False,False
2025-02-19,44.0,101.7,0.0,0.0,0.0,145.7,0.0,0.0,0.0,0.0,0.0,0.0,0.0,0.0,0.0,0.0,0.0,0.0,0.0,0.0,35,6.9,-0.9,Partially cloudy,0.0,False,False
2025-02-20,77.5,73.2,0.0,0.0,0.0,150.7,0.0,0.0,0.0,0.0,0.0,0.0,0.0,0.0,0.0,0.0,0.0,0.0,0.0,0.0,38,13.1,3.6,Partially cloudy,0.0,False,False
2025-02-21,85.5,79.1,0.0,0.0,0.0,164.6,0.0,0.0,0.0,0.0,0.0,0.0,0.0,0.0,0.0,0.0,0.0,0.0,0.0,0.0,42,16.0,10.6,"Rain, Overcast",0.195,False,False
2025-02-22,219.4,189.7,0.0,0.0,-5.0,409.1,0.0,0.0,0.0,0.0,0.0,0.0,0.0,0.0,0.0,0.0,0.0,0.0,0.0,0.0,115,12.1,8.2,"Rain, Partially cloudy",5.165,False,False
2025-02-23,57.5,102.1,0.0,0.0,0.0,159.6,0.0,0.0,0.0,0.0,0.0,0.0,0.0,0.0,0.0,0.0,0.0,0.0,0.0,0.0,45,13.8,5.3,"Rain, Partially cloudy",0.021,False,False
2025-02-24,43.7,36.5,0.0,0.0,0.0,80.2,0.0,0.0,0.0,0.0,0.0,0.0,0.0,0.0,0.0,0.0,0.0,0.0,0.0,0.0,22,11.9,7.5,"Rain, Partially cloudy",1.287,False,False
2025-02-25,25.0,63.4,0.0,0.0,0.0,88.4,0.0,0.0,0.0,0.0,0.0,0.0,0.0,0.0,0.0,0.0,0.0,0.0,0.0,0.0,22,10.4,5.8,"Rain, Overcast",0.474,False,False
2025-02-26,12.0,86.2,0.0,0.0,0.0,98.2,0.0,0.0,0.0,0.0,0.0,0.0,0.0,0.0,0.0,0.0,0.0,0.0,0.0,0.0,33,9.4,3.5,"Rain, Partially cloudy",3.97,False,False
2025-02-27,46.0,85.2,0.0,0.0,0.0,131.2,0.0,0.0,0.0,0.0,0.0,0.0,0.0,0.0,0.0,0.0,0.0,0.0,0.0,0.0,30,6.8,3.0,"Rain, Partially cloudy",1.198,False,False
2025-02-28,48.5,110.0,0.0,0.0,0.0,158.5,0.0,0.0,0.0,0.0,0.0,0.0,0.0,0.0,0.0,0.0,0.0,0.0,0.0,0.0,38,8.6,2.9,"Rain, Partially cloudy",0.792,False,False
2025-03-01,51.7,47.0,0.0,0.0,0.0,98.7,2421.0,938.47,217.89,0.0,0.0,0.0,0.0,0.0,0.0,0.0,0.0,0.0,0.0,0.0,25,7.2,0.7,"Rain, Partially cloudy",0.199,False,False
2025-03-02,26.2,19.5,0.0,0.0,0.0,45.7,0.0,0.0,0.0,0.0,0.0,0.0,0.0,0.0,0.0,0.0,0.0,0.0,0.0,0.0,14,8.8,-0.5,Rain,0.148,False,False
2025-03-03,26.7,38.2,0.0,0.0,0.0,64.9,0.0,0.0,0.0,0.0,0.0,0.0,0.0,0.0,0.0,0.0,0.0,0.0,0.0,0.0,17,10.0,-2.3,"Snow, Rain",0.159,False,False
2025-03-04,4.5,23.0,0.0,0.0,0.0,27.5,0.0,0.0,0.0,0.0,0.0,0.0,0.0,0.0,0.0,0.0,0.0,0.0,0.0,0.0,5,13.7,-0.7,"Snow, Rain",0.17,False,False
2025-03-05,53.7,66.2,0.0,0.0,0.0,119.9,0.0,0.0,0.0,0.0,0.0,0.0,0.0,0.0,0.0,0.0,0.0,0.0,0.0,0.0,34,15.2,0.8,"Snow, Rain",0.047,False,False
2025-03-06,55.7,141.6,0.0,0.0,0.0,197.3,0.0,0.0,0.0,0.0,0.0,0.0,0.0,0.0,0.0,0.0,0.0,0.0,0.0,0.0,55,16.6,2.9,Rain,0.068,False,False
2025-03-07,66.4,123.4,0.0,0.0,0.0,189.8,0.0,0.0,0.0,0.0,0.0,0.0,0.0,0.0,0.0,0.0,0.0,0.0,0.0,0.0,44,17.5,6.7,Partially cloudy,0.0,False,False
2025-03-08,80.2,150.1,0.0,0.0,0.0,230.3,0.0,0.0,0.0,0.0,0.0,0.0,0.0,0.0,0.0,0.0,0.0,0.0,0.0,0.0,60,18.6,6.8,Partially cloudy,0.0,False,False
2025-03-09,87.2,114.6,0.0,0.0,0.0,201.8,0.0,0.0,0.0,0.0,0.0,0.0,0.0,0.0,0.0,0.0,0.0,0.0,0.0,0.0,56,19.0,6.2,Partially cloudy,0.0,False,False
2025-03-10,44.1,141.2,0.0,0.0,0.0,185.3,0.0,0.0,0.0,0.0,0.0,0.0,0.0,0.0,0.0,0.0,0.0,0.0,0.0,0.0,50,16.2,5.8,Partially cloudy,0.0,False,False
2025-03-11,118.0,80.0,0.0,0.0,0.0,198.0,0.0,0.0,0.0,0.0,0.0,0.0,0.0,0.0,0.0,0.0,0.0,0.0,0.0,0.0,51,7.8,2.6,Partially cloudy,0.0,False,False
2025-03-12,44.0,68.5,0.0,0.0,0.0,112.5,0.0,0.0,0.0,0.0,0.0,0.0,0.0,0.0,0.0,0.0,0.0,0.0,0.0,0.0,30,7.7,2.0,"Rain, Partially cloudy",0.709,False,False
2025-03-13,23.5,61.0,0.0,0.0,0.0,84.5,0.0,0.0,0.0,0.0,0.0,0.0,0.0,0.0,0.0,0.0,0.0,0.0,0.0,0.0,22,7.2,0.9,"Snow, Rain, Partially cloudy",0.754,False,False
2025-03-14,39.5,50.7,0.0,0.0,0.0,90.2,0.0,0.0,0.0,1.0,0.0,1.0,0.0,0.0,0.0,0.0,0.0,1.0,0.0,0.0,24,7.4,-0.4,"Snow, Rain, Partially cloudy",0.169,False,False
2025-03-15,52.4,131.9,0.0,0.0,0.0,184.3,0.0,0.0,0.0,0.0,0.0,0.0,0.0,0.0,0.0,0.0,0.0,0.0,0.0,0.0,54,7.2,-0.3,Partially cloudy,0.0,False,False
2025-03-16,114.1,119.7,0.0,0.0,0.0,233.8,0.0,0.0,0.0,0.0,0.0,0.0,0.0,0.0,0.0,0.0,0.0,0.0,0.0,0.0,62,9.3,0.8,Partially cloudy,0.0,False,False
2025-03-17,24.3,55.0,0.0,0.0,0.0,79.3,0.0,0.0,0.0,0.0,0.0,0.0,0.0,0.0,0.0,0.0,0.0,0.0,0.0,0.0,21,8.5,1.4,Partially cloudy,0.0,False,False
2025-03-18,41.2,85.4,0.0,0.0,0.0,126.6,0.0,0.0,0.0,0.0,0.0,0.0,0.0,0.0,0.0,0.0,0.0,0.0,0.0,0.0,32,12.1,-0.9,Rain,0.036,False,False
2025-03-19,41.9,139.1,0.0,0.0,0.0,181.0,0.0,0.0,0.0,0.0,0.0,0.0,0.0,0.0,0.0,0.0,0.0,0.0,0.0,0.0,49,17.3,1.7,Clear,0.0,False,False
2025-03-20,104.0,94.1,0.0,0.0,0.0,198.1,0.0,0.0,0.0,1.0,0.0,0.0,1.0,0.0,0.0,0.0,0.0,0.0,0.0,0.0,48,19.2,4.9,Partially cloudy,0.0,False,False
2025-03-21,18.5,0.0,0.0,0.0,0.0,18.5,0.0,0.0,0.0,0.0,0.0,0.0,0.0,0.0,0.0,0.0,0.0,0.0,0.0,0.0,4,17.8,7.6,Overcast,0.0,False,False
2025-03-22,69.6,99.7,0.0,0.0,0.0,169.3,0.0,0.0,0.0,0.0,0.0,0.0,0.0,0.0,0.0,0.0,0.0,0.0,0.0,0.0,50,17.6,11.0,"Rain, Partially cloudy",2.514,False,False
2025-03-23,70.3,94.7,0.0,0.0,0.0,165.0,0.0,0.0,0.0,0.0,0.0,0.0,0.0,0.0,0.0,0.0,0.0,0.0,0.0,0.0,46,14.4,8.9,"Rain, Partially cloudy",1.718,False,False
2025-03-24,94.7,44.0,0.0,0.0,0.0,138.7,0.0,0.0,0.0,0.0,0.0,0.0,0.0,0.0,0.0,0.0,0.0,0.0,0.0,0.0,37,11.1,5.8,"Rain, Partially cloudy",0.047,False,False
2025-03-25,57.7,16.0,0.0,0.0,0.0,73.7,0.0,0.0,0.0,0.0,0.0,0.0,0.0,0.0,0.0,0.0,0.0,0.0,0.0,0.0,20,13.4,3.5,"Rain, Partially cloudy",0.058,False,False
2025-03-26,36.2,52.7,0.0,0.0,0.0,88.9,0.0,0.0,0.0,0.0,0.0,0.0,0.0,0.0,0.0,0.0,0.0,0.0,0.0,0.0,23,12.5,5.4,"Rain, Partially cloudy",0.066,False,False
2025-03-27,31.2,29.5,0.0,0.0,0.0,60.7,0.0,0.0,0.0,0.0,0.0,0.0,0.0,0.0,0.0,0.0,0.0,0.0,0.0,0.0,13,17.1,1.2,"Snow, Rain",0.115,False,False
2025-03-28,20.5,33.0,0.0,0.0,0.0,53.5,0.0,0.0,0.0,0.0,0.0,0.0,0.0,0.0,0.0,0.0,0.0,0.0,0.0,0.0,14,11.9,5.4,"Rain, Partially cloudy",0.139,False,False
2025-03-29,126.5,111.9,0.0,0.0,0.0,238.4,0.0,0.0,0.0,0.0,0.0,0.0,0.0,0.0,0.0,0.0,0.0,0.0,0.0,0.0,66,13.2,4.0,"Rain, Partially cloudy",0.271,False,False
2025-03-30,90.8,135.0,0.0,0.0,0.0,225.8,0.0,0.0,0.0,0.0,0.0,0.0,0.0,0.0,0.0,0.0,0.0,0.0,0.0,0.0,63,15.1,6.7,"Rain, Partially cloudy",0.112,False,False
2025-03-31,18.0,100.0,0.0,0.0,0.0,118.0,0.0,0.0,0.0,0.0,0.0,0.0,0.0,0.0,0.0,0.0,0.0,0.0,0.0,0.0,27,13.4,5.4,Partially cloudy,0.0,False,False
2025-04-01,47.5,49.5,0.0,0.0,0.0,97.0,2125.0,725.63,191.25,0.0,0.0,0.0,0.0,0.0,0.0,0.0,0.0,0.0,0.0,0.0,22,14.5,3.0,Rain,0.127,False,False
2025-04-02,32.5,133.8,0.0,0.0,0.0,166.3,0.0,0.0,0.0,0.0,0.0,0.0,0.0,0.0,0.0,0.0,0.0,0.0,0.0,0.0,41,17.7,5.5,Clear,0.0,False,False
2025-04-03,20.5,127.7,0.0,0.0,0.0,148.2,0.0,0.0,0.0,0.0,0.0,0.0,0.0,0.0,0.0,0.0,0.0,0.0,0.0,0.0,38,21.7,8.2,Partially cloudy,0.0,False,False
2025-04-04,50.2,84.9,0.0,0.0,0.0,135.1,0.0,0.0,0.0,0.0,0.0,0.0,0.0,0.0,0.0,0.0,0.0,0.0,0.0,0.0,39,22.5,9.6,Partially cloudy,0.0,False,False
2025-04-05,84.0,133.3,0.0,0.0,0.0,217.3,0.0,0.0,0.0,0.0,0.0,0.0,0.0,0.0,0.0,0.0,0.0,0.0,0.0,0.0,50,19.3,7.2,Clear,0.0,False,False
2025-04-06,47.0,29.7,0.0,0.0,0.0,76.7,0.0,0.0,0.0,0.0,0.0,0.0,0.0,0.0,0.0,0.0,0.0,0.0,0.0,0.0,20,15.8,5.8,Clear,0.0,False,False
2025-04-07,25.0,77.5,0.0,0.0,0.0,102.5,0.0,0.0,0.0,0.0,0.0,0.0,0.0,0.0,0.0,0.0,0.0,0.0,0.0,0.0,19,15.0,2.0,Clear,0.0,False,False
2025-04-08,58.5,71.2,0.0,0.0,0.0,129.7,0.0,0.0,0.0,0.0,0.0,0.0,0.0,0.0,0.0,0.0,0.0,0.0,0.0,0.0,33,16.9,2.6,Rain,0.091,False,False
2025-04-09,55.5,53.5,0.0,0.0,0.0,109.0,0.0,0.0,0.0,0.0,0.0,0.0,0.0,0.0,0.0,0.0,0.0,0.0,0.0,0.0,30,13.4,4.2,Rain,0.036,False,False
2025-04-10,19.0,49.0,0.0,0.0,0.0,68.0,0.0,0.0,0.0,0.0,0.0,0.0,0.0,0.0,0.0,0.0,0.0,0.0,0.0,0.0,19,13.6,4.7,Partially cloudy,0.0,False,False
2025-04-11,23.0,127.5,0.0,0.0,0.0,150.5,0.0,0.0,0.0,0.0,0.0,0.0,0.0,0.0,0.0,0.0,0.0,0.0,0.0,0.0,43,19.5,0.9,"Snow, Rain",0.101,False,False
2025-04-12,67.5,79.5,0.0,0.0,0.0,147.0,0.0,0.0,0.0,0.0,0.0,0.0,0.0,0.0,0.0,0.0,0.0,0.0,0.0,0.0,37,24.4,5.9,"Rain, Partially cloudy",0.036,False,False
2025-04-13,40.5,66.5,0.0,0.0,0.0,107.0,0.0,0.0,0.0,0.0,0.0,0.0,0.0,0.0,0.0,0.0,0.0,0.0,0.0,0.0,26,15.9,10.7,"Rain, Overcast",1.223,False,False
2025-04-14,37.0,141.6,0.0,0.0,0.0,178.6,0.0,0.0,0.0,0.0,0.0,0.0,0.0,0.0,0.0,0.0,0.0,0.0,0.0,0.0,48,18.1,6.8,"Rain, Partially cloudy",0.985,False,False
2025-04-15,14.0,143.7,0.0,0.0,0.0,157.7,0.0,0.0,0.0,0.0,0.0,0.0,0.0,0.0,0.0,0.0,0.0,0.0,0.0,0.0,45,19.3,10.6,"Rain, Partially cloudy",1.509,False,False
2025-04-16,25.7,80.0,0.0,0.0,0.0,105.7,0.0,0.0,0.0,0.0,0.0,0.0,0.0,0.0,0.0,0.0,0.0,0.0,0.0,0.0,30,13.4,8.1,"Rain, Partially cloudy",0.072,False,False
2025-04-17,66.0,100.2,0.0,0.0,0.0,166.2,0.0,0.0,0.0,0.0,0.0,0.0,0.0,0.0,0.0,0.0,0.0,0.0,0.0,0.0,38,16.0,5.8,Overcast,0.0,False,False
2025-04-18,75.5,110.6,0.0,0.0,0.0,186.1,0.0,0.0,0.0,0.0,0.0,0.0,0.0,0.0,0.0,0.0,0.0,0.0,0.0,0.0,44,18.1,5.4,Partially cloudy,0.0,False,False
2025-04-19,48.5,86.8,0.0,0.0,0.0,135.3,0.0,0.0,0.0,0.0,0.0,0.0,0.0,0.0,0.0,0.0,0.0,0.0,0.0,0.0,39,17.4,8.3,"Rain, Partially cloudy",0.01,False,False
2025-04-20,72.6,70.6,0.0,0.0,0.0,143.2,0.0,0.0,0.0,0.0,0.0,0.0,0.0,0.0,0.0,0.0,0.0,0.0,0.0,0.0,39,12.5,8.1,"Rain, Partially cloudy",3.542,False,False
2025-04-21,102.2,208.2,0.0,0.0,0.0,310.4,0.0,0.0,0.0,0.0,0.0,0.0,0.0,0.0,0.0,0.0,0.0,0.0,0.0,0.0,78,17.4,6.8,"Rain, Partially cloudy",2.034,True,False
2025-04-22,55.0,71.0,0.0,0.0,0.0,126.0,0.0,0.0,0.0,0.0,0.0,0.0,0.0,0.0,0.0,0.0,0.0,0.0,0.0,0.0,35,16.9,8.2,"Rain, Partially cloudy",0.127,False,False
2025-04-23,81.5,18.0,0.0,0.0,0.0,99.5,0.0,0.0,0.0,0.0,0.0,0.0,0.0,0.0,0.0,0.0,0.0,0.0,0.0,0.0,28,11.4,6.9,"Rain, Partially cloudy",4.289,False,False
2025-04-24,33.7,82.1,0.0,0.0,0.0,115.8,0.0,0.0,0.0,1.0,0.0,0.0,1.0,0.0,0.0,0.0,0.0,0.0,0.0,0.0,28,11.6,9.5,"Rain, Overcast",0.459,False,False
2025-04-25,45.7,67.5,0.0,0.0,0.0,113.2,0.0,0.0,0.0,0.0,0.0,0.0,0.0,0.0,0.0,0.0,0.0,0.0,0.0,0.0,27,17.1,9.6,Partially cloudy,0.0,False,False
2025-04-26,58.0,33.0,0.0,0.0,0.0,91.0,0.0,0.0,0.0,0.0,0.0,0.0,0.0,0.0,0.0,0.0,0.0,0.0,0.0,0.0,23,18.0,5.7,Partially cloudy,0.0,False,False
2025-04-27,43.6,74.0,0.0,0.0,0.0,117.6,0.0,0.0,0.0,0.0,0.0,0.0,0.0,0.0,0.0,0.0,0.0,0.0,0.0,0.0,30,19.9,6.6,Rain,0.265,False,False
2025-04-28,98.3,82.6,0.0,0.0,0.0,180.9,0.0,0.0,0.0,0.0,0.0,0.0,0.0,0.0,0.0,0.0,0.0,0.0,0.0,0.0,43,21.7,6.5,Rain,0.011,False,False
2025-04-29,29.2,88.9,0.0,0.0,0.0,118.1,0.0,0.0,0.0,0.0,0.0,0.0,0.0,0.0,0.0,0.0,0.0,0.0,0.0,0.0,33,23.5,8.0,Rain,0.011,False,False
2025-04-30,53.0,39.0,0.0,0.0,0.0,92.0,0.0,0.0,0.0,0.0,0.0,0.0,0.0,0.0,0.0,0.0,0.0,0.0,0.0,0.0,19,26.1,9.1,Rain,0.116,False,False
2025-05-01,57.4,158.9,0.0,0.0,-9.0,216.3,1944.0,533.47,174.95999999999998,0.0,0.0,0.0,0.0,0.0,0.0,0.0,0.0,0.0,0.0,0.0,47,27.7,10.3,Partially cloudy,0.0,True,False
2025-05-02,30.8,113.0,0.0,0.0,0.0,143.8,0.0,0.0,0.0,0.0,0.0,0.0,0.0,0.0,0.0,0.0,0.0,0.0,0.0,0.0,31,24.8,13.8,Partially cloudy,0.0,False,False
2025-05-03,72.0,71.6,0.0,0.0,0.0,143.6,0.0,0.0,0.0,0.0,0.0,0.0,0.0,0.0,0.0,0.0,0.0,0.0,0.0,0.0,37,18.5,10.4,"Rain, Partially cloudy",0.1,False,False
2025-05-04,30.5,118.4,0.0,0.0,0.0,148.9,0.0,0.0,0.0,0.0,0.0,0.0,0.0,0.0,0.0,0.0,0.0,0.0,0.0,0.0,36,12.9,7.4,Partially cloudy,0.0,False,False
2025-05-05,103.0,56.7,0.0,0.0,0.0,159.7,0.0,0.0,0.0,0.0,0.0,0.0,0.0,0.0,0.0,0.0,0.0,0.0,0.0,0.0,37,13.4,5.4,"Rain, Partially cloudy",0.137,False,False
2025-05-06,14.0,119.5,0.0,0.0,0.0,133.5,0.0,0.0,0.0,0.0,0.0,0.0,0.0,0.0,0.0,0.0,0.0,0.0,0.0,0.0,29,14.5,5.8,Partially cloudy,0.0,False,False
2025-05-07,64.0,43.0,0.0,0.0,0.0,107.0,0.0,0.0,0.0,0.0,0.0,0.0,0.0,0.0,0.0,0.0,0.0,0.0,0.0,0.0,20,13.1,9.2,"Rain, Overcast",0.192,False,False
2025-05-08,29.7,91.0,0.0,0.0,0.0,120.7,0.0,0.0,0.0,0.0,0.0,0.0,0.0,0.0,0.0,0.0,0.0,0.0,0.0,0.0,30,16.1,8.4,"Rain, Partially cloudy",0.026,True,False
2025-05-09,106.9,127.6,0.0,0.0,0.0,234.5,0.0,0.0,0.0,0.0,0.0,0.0,0.0,0.0,0.0,0.0,0.0,0.0,0.0,0.0,54,20.0,7.8,"Rain, Partially cloudy",0.046,False,False
2025-05-10,73.0,47.5,0.0,0.0,0.0,120.5,0.0,0.0,0.0,0.0,0.0,0.0,0.0,0.0,0.0,0.0,0.0,0.0,0.0,0.0,30,22.8,7.6,Rain,0.01,False,False
2025-05-11,121.9,65.2,0.0,0.0,0.0,187.1,0.0,0.0,0.0,0.0,0.0,0.0,0.0,0.0,0.0,0.0,0.0,0.0,0.0,0.0,50,25.4,10.0,"Rain, Partially cloudy",0.01,False,False
2025-05-12,78.6,51.0,0.0,0.0,0.0,129.6,0.0,0.0,0.0,0.0,0.0,0.0,0.0,0.0,0.0,0.0,0.0,0.0,0.0,0.0,27,21.9,10.3,"Rain, Partially cloudy",0.021,False,False
2025-05-13,52.2,36.0,0.0,0.0,0.0,88.2,0.0,0.0,0.0,0.0,0.0,0.0,0.0,0.0,0.0,0.0,0.0,0.0,0.0,0.0,17,23.4,12.6,"Rain, Partially cloudy",2.453,False,False
2025-05-14,64.3,89.8,0.0,0.0,0.0,154.1,0.0,0.0,0.0,0.0,0.0,0.0,0.0,0.0,0.0,0.0,0.0,0.0,0.0,0.0,39,22.8,9.3,"Rain, Partially cloudy",0.091,False,False
2025-05-15,43.5,66.1,0.0,0.0,0.0,109.6,0.0,0.0,0.0,0.0,0.0,0.0,0.0,0.0,0.0,0.0,0.0,0.0,0.0,0.0,26,14.3,9.1,"Rain, Partially cloudy",2.714,False,False
2025-05-16,45.2,30.5,0.0,0.0,0.0,75.7,0.0,0.0,0.0,0.0,0.0,0.0,0.0,0.0,0.0,0.0,0.0,0.0,0.0,0.0,18,16.0,7.1,"Rain, Partially cloudy",0.036,False,False
2025-05-17,78.1,116.9,0.0,0.0,0.0,195.0,0.0,0.0,0.0,0.0,0.0,0.0,0.0,0.0,0.0,0.0,0.0,0.0,0.0,0.0,54,16.6,10.8,Partially cloudy,0.0,False,False
2025-05-18,30.7,72.4,0.0,0.0,0.0,103.1,0.0,0.0,0.0,0.0,0.0,0.0,0.0,0.0,0.0,0.0,0.0,0.0,0.0,0.0,25,13.9,10.0,Overcast,0.0,False,False
2025-05-19,59.0,82.0,0.0,0.0,0.0,141.0,0.0,0.0,0.0,0.0,0.0,0.0,0.0,0.0,0.0,0.0,0.0,0.0,0.0,0.0,30,21.1,7.2,"Rain, Partially cloudy",0.091,False,False
2025-05-20,63.0,48.0,0.0,0.0,0.0,111.0,0.0,0.0,0.0,0.0,0.0,0.0,0.0,0.0,0.0,0.0,0.0,0.0,0.0,0.0,25,21.8,10.0,"Rain, Partially cloudy",0.036,False,False
2025-05-21,52.5,16.5,0.0,0.0,0.0,69.0,0.0,0.0,0.0,0.0,0.0,0.0,0.0,0.0,0.0,0.0,0.0,0.0,0.0,0.0,21,18.2,8.1,"Rain, Partially cloudy",0.094,False,False
2025-05-22,43.5,45.5,0.0,0.0,0.0,89.0,0.0,0.0,0.0,1.0,0.0,0.0,1.0,0.0,0.0,0.0,0.0,0.0,1.0,5.2,23,14.5,8.6,Overcast,0.0,False,False
2025-05-23,75.7,37.5,0.0,0.0,0.0,113.2,0.0,0.0,0.0,0.0,0.0,0.0,0.0,0.0,0.0,0.0,0.0,0.0,0.0,0.0,29,16.3,5.2,"Rain, Partially cloudy",0.01,False,False
2025-05-24,77.5,42.5,0.0,0.0,0.0,120.0,0.0,0.0,0.0,0.0,0.0,0.0,0.0,0.0,0.0,0.0,0.0,0.0,0.0,0.0,33,16.0,9.6,"Rain, Overcast",2.408,False,False
2025-05-25,28.5,71.0,0.0,0.0,0.0,99.5,0.0,0.0,0.0,0.0,0.0,0.0,0.0,0.0,0.0,0.0,0.0,0.0,0.0,0.0,31,19.2,12.9,"Rain, Partially cloudy",1.621,False,False
2025-05-26,66.3,70.0,0.0,0.0,0.0,136.3,0.0,0.0,0.0,0.0,0.0,0.0,0.0,0.0,0.0,0.0,0.0,0.0,0.0,0.0,32,18.4,10.6,"Rain, Partially cloudy",0.067,False,False
2025-05-27,9.5,99.5,0.0,0.0,0.0,109.0,0.0,0.0,0.0,0.0,0.0,0.0,0.0,0.0,0.0,0.0,0.0,0.0,0.0,0.0,25,16.5,13.1,"Rain, Overcast",7.729,False,False
2025-05-28,49.2,102.7,0.0,0.0,0.0,151.9,0.0,0.0,0.0,0.0,0.0,0.0,0.0,0.0,0.0,0.0,0.0,0.0,0.0,0.0,40,19.4,14.4,"Rain, Partially cloudy",2.05,False,False
2025-05-29,116.2,82.7,0.0,0.0,0.0,198.9,0.0,0.0,0.0,0.0,0.0,0.0,0.0,0.0,0.0,0.0,0.0,0.0,0.0,0.0,53,18.5,12.4,"Rain, Overcast",0.163,True,False
2025-05-30,50.9,78.5,0.0,0.0,0.0,129.4,0.0,0.0,0.0,0.0,0.0,0.0,0.0,0.0,0.0,0.0,0.0,0.0,0.0,0.0,32,23.9,13.3,"Rain, Partially cloudy",0.137,False,False
2025-05-31,31.0,64.7,0.0,0.0,0.0,95.7,0.0,0.0,0.0,0.0,0.0,0.0,0.0,0.0,0.0,0.0,0.0,0.0,0.0,0.0,21,26.0,12.3,"Rain, Partially cloudy",0.036,False,False
2025-06-01,52.9,130.8,0.0,0.0,0.0,183.7,1797.0,517.38,161.73,2.0,2.0,0.0,0.0,0.0,0.0,2.0,0.0,0.0,0.0,0.0,46,19.7,13.0,Partially cloudy,0.0,False,False
2025-06-02,19.0,106.1,0.0,0.0,0.0,125.1,0.0,0.0,0.0,0.0,0.0,0.0,0.0,0.0,0.0,0.0,0.0,0.0,0.0,0.0,28,0.0,0.0,inconnu,0,False,False
2025-06-03,36.7,54.8,0.0,0.0,0.0,91.5,0.0,0.0,0.0,0.0,0.0,0.0,0.0,0.0,0.0,0.0,0.0,0.0,0.0,0.0,25,0.0,0.0,inconnu,0,False,False
2025-06-04,18.5,28.0,0.0,0.0,0.0,46.5,0.0,0.0,0.0,0.0,0.0,0.0,0.0,0.0,0.0,0.0,0.0,0.0,0.0,0.0,12,0.0,0.0,inconnu,0,False,False
2025-06-05,62.7,86.2,0.0,0.0,0.0,148.9,0.0,0.0,0.0,1.0,0.0,0.0,1.0,0.0,0.0,0.0,0.0,0.0,0.0,0.0,42,0.0,0.0,inconnu,0,False,False
2025-06-06,29.2,80.1,0.0,0.0,0.0,109.3,0.0,0.0,0.0,0.0,0.0,0.0,0.0,0.0,0.0,0.0,0.0,0.0,0.0,0.0,30,0.0,0.0,inconnu,0,False,False
2025-06-07,49.2,31.0,0.0,0.0,0.0,80.2,0.0,0.0,0.0,0.0,0.0,0.0,0.0,0.0,0.0,0.0,0.0,0.0,0.0,0.0,21,0.0,0.0,inconnu,0,False,False
2025-06-08,4.5,46.5,0.0,0.0,0.0,51.0,0.0,0.0,0.0,0.0,0.0,0.0,0.0,0.0,0.0,0.0,0.0,0.0,0.0,0.0,11,0.0,0.0,inconnu,0,False,False
2025-06-09,63.9,196.4,0.0,0.0,0.0,260.3,0.0,0.0,0.0,0.0,0.0,0.0,0.0,0.0,0.0,0.0,0.0,0.0,0.0,0.0,63,0.0,0.0,inconnu,0,True,False
2025-06-10,59.0,74.6,0.0,0.0,0.0,133.6,0.0,0.0,0.0,0.0,0.0,0.0,0.0,0.0,0.0,0.0,0.0,0.0,0.0,0.0,37,0.0,0.0,inconnu,0,False,False
2025-06-11,51.0,82.4,0.0,0.0,0.0,133.4,0.0,0.0,0.0,0.0,0.0,0.0,0.0,0.0,0.0,0.0,0.0,0.0,0.0,0.0,28,0.0,0.0,inconnu,0,False,False
2025-06-12,87.2,56.5,0.0,0.0,0.0,143.7,0.0,0.0,0.0,0.0,0.0,0.0,0.0,0.0,0.0,0.0,0.0,0.0,0.0,0.0,30,0.0,0.0,inconnu,0,False,False
2025-06-13,39.9,129.3,0.0,0.0,0.0,169.2,0.0,0.0,0.0,0.0,0.0,0.0,0.0,0.0,0.0,0.0,0.0,0.0,0.0,0.0,41,0.0,0.0,inconnu,0,False,False
2025-06-14,106.3,57.9,0.0,0.0,0.0,164.2,0.0,0.0,0.0,0.0,0.0,0.0,0.0,0.0,0.0,0.0,0.0,0.0,0.0,0.0,42,0.0,0.0,inconnu,0,False,False
2025-06-15,75.3,98.1,0.0,0.0,0.0,173.4,0.0,0.0,0.0,0.0,0.0,0.0,0.0,0.0,0.0,0.0,0.0,0.0,0.0,0.0,46,0.0,0.0,inconnu,0,False,False
2025-06-16,53.0,70.2,0.0,0.0,0.0,123.2,0.0,0.0,0.0,0.0,0.0,0.0,0.0,0.0,0.0,0.0,0.0,0.0,0.0,0.0,27,0.0,0.0,inconnu,0,False,False
2025-06-17,43.9,105.2,0.0,0.0,0.0,149.1,0.0,0.0,0.0,0.0,0.0,0.0,0.0,0.0,0.0,0.0,0.0,0.0,0.0,0.0,29,0.0,0.0,inconnu,0,False,False
2025-06-18,93.2,94.6,0.0,0.0,0.0,187.8,0.0,0.0,0.0,0.0,0.0,0.0,0.0,0.0,0.0,0.0,0.0,0.0,0.0,0.0,39,0.0,0.0,inconnu,0,False,False
2025-06-19,42.7,89.6,0.0,0.0,0.0,132.3,0.0,0.0,0.0,0.0,0.0,0.0,0.0,0.0,0.0,0.0,0.0,0.0,0.0,0.0,25,0.0,0.0,inconnu,0,False,False
2025-06-20,71.5,35.5,0.0,0.0,0.0,107.0,0.0,0.0,0.0,0.0,0.0,0.0,0.0,0.0,0.0,0.0,0.0,0.0,0.0,0.0,27,0.0,0.0,inconnu,0,False,False
2025-06-21,73.2,106.0,0.0,0.0,0.0,179.2,0.0,0.0,0.0,0.0,0.0,0.0,0.0,0.0,0.0,0.0,0.0,0.0,0.0,0.0,34,0.0,0.0,inconnu,0,False,False
2025-06-22,27.5,59.9,0.0,0.0,0.0,87.4,0.0,0.0,0.0,0.0,0.0,0.0,0.0,0.0,0.0,0.0,0.0,0.0,0.0,0.0,22,0.0,0.0,inconnu,0,False,False
2025-06-23,42.2,23.0,0.0,0.0,0.0,65.2,0.0,0.0,0.0,0.0,0.0,0.0,0.0,0.0,0.0,0.0,0.0,0.0,0.0,0.0,13,0.0,0.0,inconnu,0,False,False
2025-06-24,23.0,34.5,0.0,0.0,0.0,57.5,0.0,0.0,0.0,0.0,0.0,0.0,0.0,0.0,0.0,0.0,0.0,0.0,0.0,0.0,13,0.0,0.0,inconnu,0,False,False
2025-06-25,68.5,49.9,0.0,0.0,0.0,118.4,0.0,0.0,0.0,0.0,0.0,0.0,0.0,0.0,0.0,0.0,0.0,0.0,0.0,0.0,21,0.0,0.0,inconnu,0,False,False
2025-06-26,39.0,9.5,0.0,0.0,0.0,48.5,0.0,0.0,0.0,0.0,0.0,0.0,0.0,0.0,0.0,0.0,0.0,0.0,0.0,0.0,12,0.0,0.0,inconnu,0,False,False
2025-06-27,51.6,88.5,0.0,0.0,0.0,140.1,0.0,0.0,0.0,0.0,0.0,0.0,0.0,0.0,0.0,0.0,0.0,0.0,0.0,0.0,28,0.0,0.0,inconnu,0,False,False
2025-06-28,91.4,117.7,0.0,0.0,0.0,209.1,0.0,0.0,0.0,0.0,0.0,0.0,0.0,0.0,0.0,0.0,0.0,0.0,0.0,0.0,47,0.0,0.0,inconnu,0,False,False
2025-06-29,34.5,45.5,0.0,0.0,0.0,80.0,0.0,0.0,0.0,0.0,0.0,0.0,0.0,0.0,0.0,0.0,0.0,0.0,0.0,0.0,15,0.0,0.0,inconnu,0,False,False
2025-06-30,58.5,162.4,0.0,0.0,-4.5,220.9,0.0,0.0,0.0,1.0,0.0,0.0,1.0,0.0,0.0,0.0,0.0,0.0,0.0,0.0,31,0.0,0.0,inconnu,0,False,False
2025-07-01,84.5,154.2,0.0,0.0,0.0,238.7,0.0,0.0,0.0,0.0,0.0,0.0,0.0,0.0,0.0,0.0,0.0,0.0,0.0,0.0,45,0.0,0.0,inconnu,0,False,False
